"","unknown","joy","sadness","anger","surprise","fear","disgust"
"aaj",1,0,0,0,0,0,0
"aap",1,1,0,0,0,0,0
"aat",1,0,0,0,0,0,0
"aayeng",1,0,0,0,0,0,0
"abhishek",0,1,0,0,0,0,0
"about",32,1,1,2,0,0,0
"abraham",183,4,2,1,0,0,0
"absolut",1,0,0,0,0,0,0
"abt",9,0,0,0,0,0,0
"abus",1,0,0,0,0,0,0
"acadam",1,0,0,0,0,0,0
"academ",6,0,0,0,0,0,0
"academician",2,0,0,0,0,0,0
"accept",1,0,0,0,0,0,0
"access",2,0,0,0,0,0,0
"accord",1,0,0,0,0,0,0
"account",2,0,0,0,0,0,0
"accus",1,0,0,0,0,0,0
"achiev",1,0,0,0,0,1,0
"act",1,1,0,0,0,1,0
"activist",2,0,0,0,0,0,0
"actorh",1,0,0,0,0,0,0
"actress",3,0,0,0,0,0,0
"actual",2,1,0,0,0,0,0
"add",1,0,0,0,0,1,0
"addmor",1,0,0,0,0,0,0
"address",8,1,0,0,0,0,0
"admiss",0,1,0,0,0,1,0
"adopt",1,0,0,0,0,0,0
"advanc",1,0,0,0,0,0,0
"advertis",5,0,0,0,0,0,0
"advoc",1,0,0,0,0,0,0
"affect",1,0,0,0,0,0,0
"afraid",0,0,0,0,0,1,0
"after",11,2,0,0,0,0,0
"again",1,0,0,2,0,0,0
"against",20,0,0,0,0,0,0
"age",1,0,0,0,0,0,0
"agit",1,1,0,0,0,0,0
"ago",1,0,0,0,0,0,0
"agre",0,1,0,0,0,0,0
"agreethen",0,0,0,1,0,0,0
"ailment",0,0,1,0,0,0,0
"aim",0,1,0,0,0,0,0
"air",6,0,0,0,0,0,0
"airport",1,0,0,0,0,0,0
"akash",0,1,0,0,0,0,0
"alia",2,0,0,0,0,1,0
"alivequot",1,0,0,0,0,0,0
"all",24,3,2,1,1,0,0
"allot",0,1,0,0,0,0,0
"allow",1,0,0,0,0,0,0
"almst",1,0,0,0,0,0,0
"alreadi",4,1,0,0,0,0,0
"also",13,0,0,1,0,0,0
"alv",3,0,0,0,0,0,0
"alway",4,0,0,0,0,0,0
"amarulaku",0,1,0,0,0,0,0
"amazon",3,0,0,0,0,0,0
"ambani",0,1,0,0,0,0,0
"america",3,0,0,0,0,0,0
"amethi",49,0,0,0,0,0,0
"amethibut",0,0,0,0,0,1,0
"amethim",1,0,0,0,0,0,0
"amidst",1,0,0,0,0,0,0
"amma",1,0,0,0,0,0,0
"amp",628,23,7,5,1,0,2
"ampamp",1,0,0,0,0,0,0
"ampnot",1,0,0,0,0,0,0
"amprahul",1,0,0,0,0,0,0
"amptelangana",0,1,0,0,0,0,0
"amulth",0,1,0,0,0,0,0
"amus",2,0,0,0,0,0,0
"anchor",2,0,0,0,0,0,0
"and",100,7,7,3,2,2,0
"anda",1,0,0,0,0,0,0
"andhra",13,1,1,0,0,0,0
"andrea",1,0,0,0,0,0,0
"ani",3,2,0,1,0,0,0
"anna",3,2,0,0,0,0,1
"announc",2,0,0,0,0,0,0
"anoth",2,0,0,0,0,0,0
"answer",7,1,0,0,0,0,0
"anta",1,0,0,0,0,0,0
"anti",3,0,0,0,0,0,0
"anticorrupt",1,1,0,0,0,0,0
"antigraft",3,0,0,0,0,0,0
"anyon",0,2,1,1,0,0,0
"anyth",1,0,1,0,0,0,0
"anyway",1,0,0,0,0,0,0
"aph",2,0,0,0,0,0,0
"app",0,0,1,0,0,0,0
"appar",1,0,0,0,0,0,0
"appear",1,0,0,1,0,0,0
"apprais",1,0,0,0,0,0,0
"are",607,17,6,5,2,1,0
"arent",1,0,0,0,0,0,0
"argu",0,1,0,0,0,0,0
"armi",2,0,0,0,0,0,0
"arnab",8,0,1,0,0,0,0
"arnaband",1,0,0,0,0,0,0
"arriv",1,0,0,0,0,0,0
"arun",2,1,0,0,0,0,0
"arvind",13,1,1,0,0,0,0
"ask",21,1,0,0,0,0,0
"askin",1,0,0,0,0,0,0
"asphalt",1,0,0,0,0,0,0
"aspir",4,0,0,0,0,0,0
"assassin",4,0,1,0,0,0,0
"assit",0,0,0,0,1,0,0
"assur",1,0,0,0,0,0,0
"atm",1,0,0,0,0,0,0
"attack",1,8,0,0,0,0,0
"attempt",1,0,1,0,0,0,0
"attend",2,0,0,0,0,0,0
"attent",1,0,0,0,0,0,0
"attract",1,0,0,0,0,0,0
"atwhil",1,0,0,0,0,0,0
"audienc",2,0,0,0,0,0,0
"aur",1,0,0,0,0,0,0
"away",3,0,0,0,0,0,0
"azat",4,0,0,0,0,0,0
"baap",1,0,0,0,0,0,0
"baba",0,1,0,0,0,0,0
"baboolth",0,1,0,0,0,0,0
"bachchan",0,1,0,0,0,0,0
"bachelor",1,1,0,0,0,0,0
"back",8,0,0,1,0,0,0
"backingbrahmin",1,0,0,0,0,0,0
"backward",3,0,0,0,0,0,0
"badalo",0,0,0,0,1,0,0
"bade",1,0,0,0,0,0,0
"bamboo",1,0,0,0,0,0,0
"banana",1,0,0,0,0,0,0
"bandh",7,0,0,0,0,0,0
"bangalor",1,1,0,0,0,0,0
"bank",13,0,0,0,0,0,0
"bankquota",1,0,0,0,0,0,0
"bannequot",0,1,0,0,0,0,0
"bansal",1,0,0,0,0,0,0
"barack",573,12,5,5,0,0,0
"barca",6,0,0,0,0,0,0
"barrier",1,0,0,0,0,0,0
"barrierabsolut",1,0,0,0,0,0,0
"bataoquot",1,0,0,0,0,0,0
"battl",2,0,0,0,0,0,0
"bcoz",2,0,0,0,0,0,0
"beam",0,1,0,0,0,0,0
"bear",1,0,0,0,0,0,0
"beard",1,0,0,0,0,0,0
"becam",2,0,0,0,0,0,0
"becaus",7,2,1,0,0,0,0
"becircta",1,0,0,0,0,0,0
"becom",12,1,0,1,0,0,0
"becoz",2,0,0,0,0,0,0
"been",11,0,0,0,0,0,0
"befor",2,0,0,0,0,0,0
"beg",0,0,0,6,0,0,0
"begin",0,1,0,0,0,0,0
"behen",1,0,0,0,0,0,0
"believ",2,0,1,0,0,0,0
"belong",1,0,0,0,0,0,0
"belov",1,0,0,0,0,0,0
"bengal",1,0,0,0,0,0,0
"besharam",1,0,0,0,0,0,0
"best",1,1,1,1,0,0,0
"better",7,3,0,0,0,0,0
"bettr",1,0,0,0,0,0,0
"between",3,0,0,0,0,0,0
"bewar",1,0,0,0,0,0,0
"bhagavad",1,0,0,0,0,0,0
"bhai",3,1,0,0,0,0,0
"bhaidont",0,1,0,0,0,0,0
"bharat",0,1,0,1,0,0,0
"bhatt",1,0,0,0,0,0,0
"bhavani",1,0,0,0,0,0,0
"bheem",1,0,0,0,0,0,0
"bhi",0,0,0,1,0,0,0
"bhik",1,0,0,0,0,0,0
"big",4,0,0,0,0,0,0
"bigger",2,0,0,0,0,0,0
"biggest",5,0,0,0,0,0,0
"biju",0,0,0,1,0,0,0
"bill",17,10,2,1,0,0,0
"billboard",0,0,0,0,1,0,0
"billion",1,0,0,0,0,0,0
"bin",0,0,1,0,0,0,0
"biswa",1,0,0,0,0,0,0
"bit",0,0,0,1,0,0,0
"bjp",26,2,0,0,0,0,0
"black",2,1,0,0,0,0,0
"blackedoutrahul",1,0,0,0,0,0,0
"blackmoney",1,0,0,0,0,0,0
"blackout",8,1,2,0,0,0,1
"blackshamea",0,0,0,0,0,1,0
"blah",1,0,0,0,0,0,0
"blame",1,0,0,0,0,0,0
"bless",11,0,0,0,0,0,0
"block",2,0,0,0,0,0,0
"bloodi",1,0,0,0,0,0,0
"bluemoona",1,0,0,0,0,0,0
"blv",1,0,0,0,0,0,0
"boast",1,0,0,0,0,0,0
"bockout",1,0,0,0,0,0,0
"bollywoodrt",1,0,0,0,0,0,0
"bolo",0,0,1,0,0,0,0
"bolti",1,0,0,0,0,0,0
"bonker",0,0,1,0,0,0,0
"booth",1,0,0,0,0,0,0
"born",1,0,0,0,0,0,0
"boss",1,0,0,0,0,0,0
"both",6,0,0,0,0,0,0
"bother",0,0,1,1,0,0,0
"bottl",3,0,0,0,0,0,0
"boy",1,1,0,0,0,0,0
"brahmin",1,0,0,0,0,0,0
"brain",2,0,1,0,0,0,0
"branch",16,0,0,0,0,0,0
"brand",0,1,0,0,0,0,0
"break",3,0,0,0,0,0,0
"breed",0,1,0,0,0,0,0
"brighter",1,0,0,0,0,0,0
"bring",1,1,0,0,0,0,0
"britain",0,4,0,0,0,0,0
"broke",0,1,0,0,0,0,0
"broken",1,0,0,0,0,0,0
"brother",0,1,0,0,0,0,0
"brought",0,1,0,0,0,0,0
"budget",3,0,0,0,0,0,0
"build",6,1,0,0,0,0,0
"bureau",1,0,0,0,0,0,0
"burn",0,0,0,0,0,1,0
"busi",2,0,0,0,0,0,0
"but",8,2,1,0,0,0,0
"buy",1,0,0,0,0,0,0
"buzz",1,0,0,0,0,0,0
"cabinet",1,0,0,0,0,0,0
"call",11,0,2,0,0,0,0
"cambridg",4,3,3,0,0,1,0
"campaig",1,0,0,0,0,0,0
"campaign",14,0,0,0,0,0,0
"can",16,5,3,3,0,0,0
"cancelledin",1,0,0,0,0,0,0
"candidatesknowledg",1,0,0,0,0,0,0
"cannot",2,0,0,0,0,0,0
"cant",2,0,0,0,0,0,0
"canva",2,0,0,0,0,0,0
"canvass",3,0,0,0,0,0,0
"capit",1,1,0,0,0,0,0
"captur",1,0,0,0,0,0,0
"care",0,2,0,0,0,0,0
"carmona",3,0,0,0,0,0,0
"carri",1,0,0,0,0,0,0
"cartoon",2,0,0,0,0,0,0
"cas",0,0,5,0,0,0,0
"case",1,0,0,2,0,0,0
"catch",0,1,0,0,0,0,0
"categoricallygt",2,0,0,0,0,0,0
"cbia",1,0,0,0,0,0,0
"cbs",4,0,0,0,0,0,0
"cell",1,0,0,0,0,0,0
"cent",1,0,0,0,0,0,0
"center",1,0,0,0,0,0,0
"centr",1,0,0,0,0,1,0
"central",1,0,0,0,0,0,0
"chai",1,0,0,0,0,0,0
"chanc",8,1,0,0,0,0,0
"chang",5,3,1,0,0,0,0
"channa",0,1,0,0,0,0,0
"channel",3,0,0,0,0,0,0
"charan",1,0,0,0,0,0,0
"charchaquot",1,0,0,0,0,0,0
"charg",0,6,0,1,0,0,0
"chavan",2,0,0,0,0,0,0
"cheat",0,1,0,0,0,0,0
"chesaru",1,0,0,0,0,0,0
"chhota",1,0,0,0,0,0,0
"chichay",2,0,0,0,0,0,0
"chidambaram",1,0,1,0,0,0,0
"chidambaramquot",0,1,0,0,0,0,0
"chief",3,0,0,0,0,0,0
"child",1,0,1,0,0,0,0
"children",1,0,0,0,0,0,0
"chiranjeevi",1,0,0,0,0,0,0
"chit",0,1,0,0,0,0,0
"chitquot",0,1,0,0,0,0,0
"choos",0,0,1,0,0,0,0
"chopra",1,0,0,0,0,0,0
"chosen",1,0,0,0,0,0,0
"christma",2,0,0,0,0,0,0
"chutiya",1,1,0,0,0,0,0
"cii",1,0,0,0,0,0,0
"circularrahul",1,0,0,0,0,0,0
"cite",0,0,0,1,0,0,0
"citi",4,1,0,0,0,0,0
"claim",2,0,0,0,0,0,0
"class",1,0,0,0,0,0,0
"classinvis",119,12,0,2,0,0,0
"classinvisiblenbspspanspana",113,11,0,2,0,0,0
"classinvisiblenbspspanspanaa",1,0,0,0,0,0,0
"classinvisiblenbspspanspanaquot",5,1,0,0,0,0,0
"classinvisiblespanspan",119,12,0,2,0,0,0
"classjsdisplayurlanishgingdencspanspan",1,0,0,0,0,0,0
"classjsdisplayurlbitlycoittspanspan",1,0,0,0,0,0,0
"classjsdisplayurlbitlydisvkfspanspan",2,0,0,0,0,0,0
"classjsdisplayurlbitlydiwcqcspanspan",1,0,0,0,0,0,0
"classjsdisplayurlbitlydjynpbspanspan",1,0,0,0,0,0,0
"classjsdisplayurlbitlydkrhowspanspan",6,0,0,0,0,0,0
"classjsdisplayurlbitlygdeiyspanspan",1,0,0,0,0,0,0
"classjsdisplayurlbitlygvbpespanspan",1,0,0,0,0,0,0
"classjsdisplayurlbitlyhgmspanspan",1,0,0,0,0,0,0
"classjsdisplayurlbitlyhkgrkspanspan",1,0,0,0,0,0,0
"classjsdisplayurlbitlyhqythspanspan",1,0,0,0,0,0,0
"classjsdisplayurlbitlyjahygdspanspan",1,0,0,0,0,0,0
"classjsdisplayurlbitlyjfcqwjspanspan",1,0,0,0,0,0,0
"classjsdisplayurlbitlyjntdrspanspan",1,0,0,0,0,0,0
"classjsdisplayurlbitlyjxewsspanspan",2,0,0,0,0,0,0
"classjsdisplayurlbitlymbmqwspanspan",1,0,0,0,0,0,0
"classjsdisplayurlbitlymciwspanspan",1,0,0,0,0,0,0
"classjsdisplayurlbitlymmbspanspan",3,0,0,0,0,0,0
"classjsdisplayurlbitlymmeqspanspan",1,0,0,0,0,0,0
"classjsdisplayurlbitlymwkorspanspan",1,0,0,0,0,0,0
"classjsdisplayurlbitlymxfgnpspanspan",1,0,0,0,0,0,0
"classjsdisplayurlbitlynlyspanspan",3,0,0,0,0,0,0
"classjsdisplayurlbitlyomtxjzspanspan",1,0,0,0,0,0,0
"classjsdisplayurlbitlyonnuokspanspan",1,0,0,0,0,0,0
"classjsdisplayurlbitlyophybspanspan",2,0,0,0,0,0,0
"classjsdisplayurldlvritycdspanspan",1,0,0,0,0,0,0
"classjsdisplayurldlvritycxxspanspan",1,0,0,0,0,0,0
"classjsdisplayurldlvritydbkvspanspan",1,0,0,0,0,0,0
"classjsdisplayurldlvritypknqspanspan",1,0,0,0,0,0,0
"classjsdisplayurldlvrityqvsspanspan",1,0,0,0,0,0,0
"classjsdisplayurldlvrityxtwmspanspan",1,0,0,0,0,0,0
"classjsdisplayurldnaiincizspanspan",1,0,0,0,0,0,0
"classjsdisplayurlecotimsbazpyspanspan",1,0,0,0,0,0,0
"classjsdisplayurlecotimsrfbuyspanspan",2,0,0,0,0,0,0
"classjsdisplayurlengagedinocomaskrgspanspan",1,0,0,0,0,0,0
"classjsdisplayurlfbmeaekuhpspanspan",1,0,0,0,0,0,0
"classjsdisplayurlfbmeaiexsmntspanspan",1,0,0,0,0,0,0
"classjsdisplayurlfbmeaqvzfhdyspanspan",1,0,0,0,0,0,0
"classjsdisplayurlfbmeaxtsvojtspanspan",0,1,0,0,0,0,0
"classjsdisplayurlfbmecfdigggspanspan",0,1,0,0,0,0,0
"classjsdisplayurlfbmecvkahkbspanspan",1,0,0,0,0,0,0
"classjsdisplayurlfbmedckpulrspanspan",0,1,0,0,0,0,0
"classjsdisplayurlfbmedgdzmuspanspan",2,0,0,0,0,0,0
"classjsdisplayurlfbmedlulfhnspanspan",2,0,0,0,0,0,0
"classjsdisplayurlfbmeduehqxlspanspan",1,0,0,0,0,0,0
"classjsdisplayurlfbmeehyygmspanspan",1,0,0,0,0,0,0
"classjsdisplayurlfbmefzknhespanspan",0,1,0,0,0,0,0
"classjsdisplayurlfbmehfuumxgspanspan",1,0,0,0,0,0,0
"classjsdisplayurlfbmehzvbsnbtspanspan",1,0,0,0,0,0,0
"classjsdisplayurlfbmeibodrdibspanspan",1,0,0,0,0,0,0
"classjsdisplayurlfbmeigpnmvspanspan",6,0,0,0,0,0,0
"classjsdisplayurlfbmeikmispanspan",1,0,0,0,0,0,0
"classjsdisplayurlfbmeiknsbspanspan",0,4,0,0,0,0,0
"classjsdisplayurlfbmejfzdbjzspanspan",1,0,0,0,0,0,0
"classjsdisplayurlfbmejsanpnsnspanspan",0,1,0,0,0,0,0
"classjsdisplayurlfbmejtbabanspanspan",1,0,0,0,0,0,0
"classjsdisplayurlfbmejunwwrzspanspan",1,0,0,0,0,0,0
"classjsdisplayurlfbmekbyvgvmspanspan",1,0,0,0,0,0,0
"classjsdisplayurlfbmelrqplespanspan",1,0,0,0,0,0,0
"classjsdisplayurlfbmemvomcspanspan",1,0,0,0,0,0,0
"classjsdisplayurlfbmenhppcsfjspanspan",1,0,0,0,0,0,0
"classjsdisplayurlfbmenmukwpxyspanspan",1,0,0,0,0,0,0
"classjsdisplayurlfbmenygohzsvspanspan",1,0,0,0,0,0,0
"classjsdisplayurlfbmeqctyiyyhspanspan",2,0,0,0,0,0,0
"classjsdisplayurlfbmeqzyyfkkkspanspan",1,0,0,0,0,0,0
"classjsdisplayurlfbmerhglyxspanspan",1,0,0,0,0,0,0
"classjsdisplayurlfbmerxmwspanspan",1,0,0,0,0,0,0
"classjsdisplayurlfbmesqewmqdspanspan",1,0,0,0,0,0,0
"classjsdisplayurlfbmesxwmfspanspan",1,0,0,0,0,0,0
"classjsdisplayurlfbmethkmouocspanspan",1,0,0,0,0,0,0
"classjsdisplayurlfbmetknvvsespanspan",1,0,0,0,0,0,0
"classjsdisplayurlfbmeugmuruspanspan",1,0,0,0,0,0,0
"classjsdisplayurlfbmewccispanspan",1,0,0,0,0,0,0
"classjsdisplayurlfbmewislpimspanspan",1,0,0,0,0,0,0
"classjsdisplayurlfbmeyaybqkspanspan",1,0,0,0,0,0,0
"classjsdisplayurlfbmeyonlxgfnspanspan",1,0,0,0,0,0,0
"classjsdisplayurlfbmeyxhkvyhzspanspan",1,0,0,0,0,0,0
"classjsdisplayurlgooglfbrzamspanspan",1,0,0,0,0,0,0
"classjsdisplayurlgooglfbwubxjspanspan",1,0,0,0,0,0,0
"classjsdisplayurlgooglkbuamspanspan",0,0,0,1,0,0,0
"classjsdisplayurlgoogltezcwispanspan",1,0,0,0,0,0,0
"classjsdisplayurlgoogluwtqespanspan",0,1,0,0,0,0,0
"classjsdisplayurlgooglxjoexspanspan",1,0,0,0,0,0,0
"classjsdisplayurlgooglymkmtvspanspan",1,0,0,0,0,0,0
"classjsdisplayurliftttcxjqspanspan",1,0,0,0,0,0,0
"classjsdisplayurliftttjeqxxspanspan",1,0,0,0,0,0,0
"classjsdisplayurliftttjfxyspanspan",1,0,0,0,0,0,0
"classjsdisplayurllivetkmycutuspanspan",1,0,0,0,0,0,0
"classjsdisplayurlmtmimedjospanspan",1,0,0,0,0,0,0
"classjsdisplayurlndtvingdhyvspanspan",0,1,0,0,0,0,0
"classjsdisplayurlowlydzjzspanspan",1,0,0,0,0,0,0
"classjsdisplayurlpictwittercomqemrquistpspanspan",1,0,0,0,0,0,0
"classjsdisplayurlpsxmoneycontrolcomspanspan",1,0,0,0,0,0,0
"classjsdisplayurlrblmsoxgfspanspan",1,0,0,0,0,0,0
"classjsdisplayurltinyurlcomkcxyzmspanspan",1,0,0,0,0,0,0
"classjsdisplayurltinyurlcomkgotmkspanspan",1,0,0,0,0,0,0
"classjsdisplayurltinyurlcommsaadxpspanspan",1,0,0,0,0,0,0
"classjsdisplayurltinyurlcomqplxospanspan",0,1,0,0,0,0,0
"classjsdisplayurltlgdnifkspanspan",0,0,0,1,0,0,0
"classjsdisplayurlyoutubeesymnbmsfspanspan",1,0,0,0,0,0,0
"classjsdisplayurlyoutubekpjswahftspanspan",4,0,0,0,0,0,0
"classjsdisplayurlyoutubeqbmbwaspanspan",1,0,0,0,0,0,0
"classjsdisplayurlyoutubeqwpvtgvuomaspanspan",1,0,0,0,0,0,0
"classjsdisplayurlyoutubeqwpvtgvuomspanspan",1,0,0,0,0,0,0
"classjsdisplayurlyoutubezafgsmdjcaspanspan",1,0,0,0,0,0,0
"classjsdisplayurlyoutubezfyzxxzspanspan",1,0,0,0,0,0,0
"classtcoellipsisspan",119,12,0,2,0,0,0
"classtcoellipsisspanspan",119,12,0,2,0,0,0
"classtwitteratrepli",468,47,12,6,5,5,1
"classtwitterhashtag",551,48,15,14,2,5,0
"classtwittertimelinelink",137,21,0,5,0,1,0
"clean",0,2,0,0,0,0,0
"clear",8,0,0,0,0,0,0
"clg",0,0,0,0,0,1,0
"close",1,0,0,0,0,0,0
"clout",1,0,0,0,0,0,0
"coach",1,0,0,0,0,0,0
"codecalcutta",1,0,0,0,0,0,0
"collect",1,1,0,0,0,0,0
"colleg",3,0,0,0,0,0,0
"coma",0,1,0,0,0,0,0
"come",9,1,2,3,0,0,0
"comic",1,0,0,0,0,0,0
"comment",0,1,0,0,0,0,0
"commit",8,1,0,0,0,0,0
"common",1,0,1,0,0,0,0
"communal",3,0,0,0,0,0,0
"compani",6,0,0,0,0,0,0
"compar",2,0,0,0,0,0,0
"compart",1,0,0,0,0,0,0
"competit",1,0,0,0,0,0,0
"complet",1,0,1,0,0,0,0
"complex",1,0,0,0,0,0,0
"con",0,0,0,4,0,0,0
"concern",1,0,0,0,0,0,0
"condit",1,0,0,0,0,0,0
"conduct",1,0,0,0,0,0,0
"conferen",0,0,1,0,0,0,0
"confus",2,0,0,0,0,0,0
"cong",5,0,0,0,0,0,1
"congbjp",0,1,0,0,0,0,0
"congi",3,0,0,0,0,0,0
"congrat",0,1,0,0,0,0,0
"congratul",0,1,0,0,0,0,0
"congress",71,2,4,1,1,0,0
"congressmen",1,0,0,0,0,0,0
"congresss",1,0,0,0,0,0,0
"connect",1,0,1,0,0,0,0
"connecteda",1,0,0,0,0,0,0
"constant",1,0,0,0,0,0,0
"constitu",7,2,0,0,0,0,0
"constituencyal",1,0,0,0,0,0,0
"consult",1,0,0,0,0,0,0
"cont",0,0,0,1,0,0,0
"contain",1,0,0,0,0,0,0
"contest",2,1,0,0,0,0,0
"contrast",0,1,0,0,0,0,0
"contribut",1,0,0,0,0,0,0
"contributionrofl",1,0,0,0,0,0,0
"control",2,0,0,0,0,0,0
"controversi",0,1,0,0,0,0,0
"convict",0,0,0,1,0,0,0
"cook",0,0,0,0,0,1,0
"cooper",1,0,0,0,0,0,0
"copi",1,0,0,0,0,0,0
"core",3,0,0,0,0,0,0
"correct",0,1,0,0,0,0,0
"corrupt",7,0,0,1,0,0,0
"corruptiongiv",1,0,0,0,0,0,0
"corruptionquot",7,0,0,0,0,0,0
"could",7,0,0,0,0,0,0
"count",0,0,0,1,0,0,0
"countri",10,0,0,1,0,0,0
"countryjai",1,0,0,0,0,0,0
"cours",1,1,0,0,0,0,0
"court",27,1,0,0,0,0,0
"cover",0,1,0,0,0,0,0
"coz",1,0,0,0,0,0,0
"crack",1,0,0,0,0,0,0
"creat",4,0,0,0,0,0,0
"creation",1,0,0,0,0,0,0
"credenti",5,0,0,0,0,0,0
"credentialseconom",1,0,0,0,0,0,0
"credentialsth",1,0,0,0,0,0,0
"credit",3,1,0,1,0,0,0
"cri",3,0,0,0,0,0,0
"cricket",1,0,0,0,0,0,0
"critic",4,0,0,0,0,0,0
"crore",0,1,0,0,0,0,0
"cross",1,1,0,0,0,0,0
"crowd",1,0,0,0,0,0,0
"cure",0,0,1,0,0,0,0
"curiousi",1,0,0,0,0,0,0
"current",1,0,0,0,0,0,0
"currupt",1,0,0,0,0,0,0
"dad",1,1,0,0,0,0,0
"dadadadimamapapa",0,0,0,1,0,0,0
"dalal",1,0,0,0,0,0,0
"danger",1,0,0,0,0,0,0
"dani",3,0,0,0,0,0,0
"darbareven",1,0,0,0,0,0,0
"dare",4,0,0,0,0,0,0
"dash",2,5,0,0,0,0,0
"dataexpandedurl",119,12,0,2,0,0,0
"datapreembeddedtru",18,9,0,3,0,1,0
"dataquerysourcehashtagclick",551,48,15,14,2,5,0
"date",1,0,0,0,0,0,0
"dawn",4,0,0,0,0,0,0
"day",7,1,1,0,1,0,0
"daylong",3,1,0,0,0,0,0
"dear",8,6,0,0,0,0,0
"debat",4,0,1,0,0,0,0
"dec",0,1,0,0,0,0,0
"decid",0,0,1,0,0,0,0
"decidesreleas",1,0,0,0,0,0,0
"decis",6,2,0,1,0,0,0
"declar",1,0,0,0,0,0,0
"declin",1,0,0,0,0,0,0
"defam",1,0,0,0,0,0,0
"defeat",1,0,0,0,0,0,0
"defenc",1,0,0,0,0,0,0
"defend",0,0,1,0,0,0,0
"deficit",1,0,0,0,0,0,0
"definit",5,0,0,0,0,1,0
"defo",4,0,0,0,0,0,0
"degre",1,3,0,0,0,1,0
"degreediplomawhatev",1,0,0,0,0,0,0
"dehradun",0,1,0,0,0,0,0
"delhi",2,1,0,0,0,0,0
"deliv",0,1,0,0,0,0,0
"demand",5,0,0,0,0,0,0
"democraci",1,0,1,0,0,1,0
"democratis",1,0,0,0,0,0,0
"den",1,0,0,0,0,0,0
"depart",1,0,0,0,0,0,0
"depress",0,0,1,0,0,0,0
"depriv",2,0,0,0,0,0,0
"dept",1,0,0,0,0,0,0
"descript",1,0,0,0,0,0,0
"deserv",1,0,0,0,1,0,0
"design",16,0,0,0,0,0,0
"destroy",2,0,0,0,0,0,0
"detail",1,0,0,0,0,0,0
"detailrahul",5,0,0,0,0,0,0
"develop",0,1,0,0,0,0,0
"developedquotquotsc",0,1,0,0,0,0,0
"developmnt",0,1,0,0,0,0,0
"dgegre",1,0,0,0,0,0,0
"dharna",1,0,0,0,0,0,0
"dhoni",2,0,0,0,0,0,0
"dialogu",1,0,0,0,0,0,0
"dictatori",2,0,0,0,0,0,0
"did",6,2,0,0,0,0,0
"didquot",0,1,0,0,0,0,0
"die",0,1,0,1,0,0,0
"differ",2,2,0,0,0,0,0
"difficult",1,0,0,0,0,0,0
"difrnc",0,1,0,0,0,0,0
"dighvijay",0,1,0,0,0,0,0
"digitis",1,0,0,0,0,0,0
"dikhao",1,0,0,0,0,0,0
"dimag",1,0,0,0,0,0,0
"dint",2,0,0,0,0,0,0
"direct",2,0,0,0,0,0,0
"director",1,0,0,0,0,0,0
"dirltr",1138,107,27,22,7,10,1
"dirltrpictwittercombikaqkexfa",0,1,0,0,0,0,0
"dirltrpictwittercombowlqapaa",1,0,0,0,0,0,0
"dirltrpictwittercombzzzkkifa",0,0,0,0,0,1,0
"dirltrpictwittercomckrxafsoca",1,0,0,0,0,0,0
"dirltrpictwittercomdgyyiwlrgqa",1,0,0,0,0,0,0
"dirltrpictwittercomejiawvwbzka",0,0,0,1,0,0,0
"dirltrpictwittercomgaqceouka",1,0,0,0,0,0,0
"dirltrpictwittercomhhddagaa",1,0,0,0,0,0,0
"dirltrpictwittercomhlqpmzwla",1,0,0,0,0,0,0
"dirltrpictwittercomiqfxnzia",1,0,0,0,0,0,0
"dirltrpictwittercomkgriwnmta",1,0,0,0,0,0,0
"dirltrpictwittercomlgooelfwhaquot",0,1,0,0,0,0,0
"dirltrpictwittercomlkohfwojya",1,0,0,0,0,0,0
"dirltrpictwittercommxlaeaanta",0,1,0,0,0,0,0
"dirltrpictwittercomofqkslvsibaquot",1,0,0,0,0,0,0
"dirltrpictwittercomonfavdwpta",0,3,0,0,0,0,0
"dirltrpictwittercomorzgauwyvxa",0,1,0,0,0,0,0
"dirltrpictwittercomozpjyvjba",1,0,0,0,0,0,0
"dirltrpictwittercomqfnwqgtkia",1,0,0,0,0,0,0
"dirltrpictwittercomqhxgluopdka",0,0,0,1,0,0,0
"dirltrpictwittercomrijaqmria",0,1,0,0,0,0,0
"dirltrpictwittercomrzjezrudzda",1,0,0,0,0,0,0
"dirltrpictwittercomsmusyoha",1,0,0,0,0,0,0
"dirltrpictwittercomtyjtrngjlya",1,0,0,0,0,0,0
"dirltrpictwittercomwadlvflxmya",0,0,0,1,0,0,0
"dirltrpictwittercomwhmsgtmaraa",1,0,0,0,0,0,0
"dirltrpictwittercomxemxyerba",0,1,0,0,0,0,0
"dirltrpictwittercomzmgskasma",1,0,0,0,0,0,0
"dirltrtcompxljrva",1,0,0,0,0,0,0
"dirti",1,0,0,0,0,0,0
"dis",0,0,0,0,0,1,0
"disguis",1,0,0,0,0,0,0
"disgust",0,0,0,0,0,0,1
"disgustin",2,0,0,0,0,0,0
"disinform",274,8,4,4,0,0,0
"dispel",1,0,0,0,0,0,0
"distribut",1,0,0,0,0,0,0
"ditch",0,2,0,0,0,0,0
"divers",1,0,1,0,0,0,0
"divid",4,0,0,0,0,0,0
"divyani",2,0,0,0,0,0,0
"doctor",0,1,0,0,0,0,0
"dodo",1,0,0,0,0,0,0
"doe",6,3,1,0,0,0,0
"doesnt",1,0,0,1,0,0,0
"doin",2,0,0,0,0,0,0
"dollar",1,0,0,0,0,0,0
"done",3,0,0,0,0,0,0
"dont",7,2,0,1,0,0,0
"doosra",1,0,0,0,0,0,0
"doubl",2,0,0,0,0,0,0
"doubt",0,0,1,0,0,0,0
"down",3,0,0,0,0,0,0
"draft",0,1,0,0,0,0,0
"drama",1,0,0,0,0,0,0
"dravid",1,0,0,0,0,0,0
"draw",16,0,0,0,0,0,0
"dream",1,1,0,0,0,0,0
"driven",1,0,0,0,0,0,0
"dubai",0,1,0,0,0,0,0
"dude",1,0,0,0,0,0,0
"due",1,0,2,0,0,0,0
"duelik",2,0,0,0,0,0,0
"dumb",2,0,0,0,0,0,0
"dumber",2,0,0,0,0,0,0
"dump",1,0,0,0,0,0,0
"dure",5,1,0,0,0,0,0
"duringgtgt",0,1,0,0,0,0,0
"dust",0,0,1,0,0,0,0
"dustbinquot",1,0,0,0,0,0,0
"dutt",1,0,0,0,0,0,0
"dynam",1,3,0,0,0,0,0
"dynast",3,0,0,0,0,0,0
"dynasti",1,0,0,0,0,0,0
"each",1,0,0,1,0,0,0
"earlier",1,0,0,0,0,0,0
"eat",1,0,0,0,0,0,0
"eateri",1,0,0,0,0,0,0
"echeverri",1,0,0,0,0,0,0
"econom",6,0,0,0,0,0,0
"economi",2,0,0,0,0,0,0
"ecot",1,0,0,0,0,0,0
"editor",0,0,1,0,0,0,0
"editori",0,1,0,0,0,0,0
"educ",4,1,0,0,0,0,0
"effect",1,0,0,0,0,0,0
"eightyearold",0,1,0,0,0,0,0
"elect",9,2,1,0,0,0,0
"electionsal",1,0,0,0,0,0,0
"elig",0,1,0,0,0,0,0
"elit",1,0,0,0,0,0,0
"els",2,0,0,3,0,0,0
"emili",1,0,0,0,0,0,0
"empow",12,1,2,0,0,0,0
"empower",19,3,0,1,2,0,0
"empowermentmor",1,0,0,0,0,0,0
"empowermentquot",2,0,0,0,0,0,0
"empwer",1,0,0,0,0,0,0
"end",2,0,0,0,0,0,0
"england",5,0,0,0,0,0,0
"enough",2,0,0,0,0,0,0
"enrol",1,0,0,0,0,0,0
"entertain",20,1,0,0,0,0,0
"enthusiast",0,1,0,0,0,0,0
"entir",1,0,0,0,0,0,0
"entri",1,0,0,0,0,0,0
"epic",1,0,0,0,0,0,0
"episod",2,0,0,0,0,0,0
"equal",2,0,0,0,0,0,0
"esp",1,0,0,0,0,0,0
"establish",1,0,0,0,0,0,0
"even",9,1,3,0,0,0,0
"ever",3,0,1,0,0,0,0
"everi",3,2,0,0,0,0,0
"everybodi",1,0,0,0,0,0,0
"everyon",1,1,0,0,0,0,0
"everyth",1,0,0,0,0,0,0
"everytim",1,0,0,0,0,0,0
"everywher",1,0,0,0,0,0,0
"evilsi",0,1,0,0,0,0,0
"evn",1,0,0,0,0,0,0
"evri",2,0,0,0,0,0,0
"exampl",1,0,0,0,0,0,0
"excel",2,0,0,0,0,0,0
"except",1,0,0,0,0,0,0
"excis",2,0,0,0,0,0,0
"exclus",1,0,0,0,0,0,0
"excus",0,1,0,0,0,0,0
"exempt",3,0,0,0,0,0,0
"expect",3,0,0,0,0,0,0
"expens",1,0,0,0,0,0,0
"experi",1,0,0,0,0,0,0
"expertp",1,0,0,0,0,0,0
"explain",3,0,0,1,0,0,0
"expos",487,12,5,5,0,0,0
"face",4,0,0,0,0,0,0
"fact",2,1,1,0,1,0,0
"factori",7,0,0,0,0,0,0
"factoryrahul",2,0,0,0,0,0,0
"fadingsun",0,0,1,0,0,0,0
"fail",3,0,0,0,0,0,0
"failur",0,0,1,0,0,0,0
"faith",1,0,0,0,0,0,0
"fake",0,2,0,0,0,0,0
"fall",2,0,0,0,0,0,0
"famili",2,0,0,0,0,0,0
"familysmemb",1,0,0,0,0,0,0
"fan",2,3,1,0,0,0,0
"far",3,0,0,0,0,0,0
"fart",0,0,1,0,0,0,0
"faster",1,0,0,0,0,0,0
"father",2,0,0,0,0,0,0
"fatherquit",0,0,1,0,0,0,0
"fav",1,0,0,0,0,0,0
"favorit",0,0,0,0,1,0,0
"favour",0,1,0,0,0,0,0
"favr",1,0,0,0,0,0,0
"fbgt",3,0,0,0,0,0,0
"fear",0,0,0,0,0,1,0
"feb",0,1,0,0,0,0,0
"febi",0,1,0,0,0,0,0
"fee",8,0,0,0,0,0,0
"feel",4,1,0,0,0,0,0
"feet",0,1,0,0,0,0,0
"feild",1,0,0,0,0,0,0
"feku",1,0,0,0,0,0,0
"fellow",5,0,0,0,1,0,0
"fellowship",1,0,0,0,0,0,0
"felt",0,1,0,0,0,0,0
"few",3,1,1,0,0,0,0
"field",3,0,0,1,0,0,0
"fierc",6,1,0,0,0,0,0
"fifth",1,0,0,0,0,0,0
"fight",4,2,0,0,0,0,0
"figur",1,0,0,0,0,0,0
"fill",1,0,0,0,0,0,0
"film",2,0,0,0,0,0,0
"final",2,0,0,0,0,0,0
"financ",1,0,0,0,0,0,0
"find",2,0,1,0,0,0,0
"fine",0,0,0,1,0,0,0
"first",3,0,0,0,0,0,0
"flagship",1,0,0,0,0,0,0
"fledg",10,0,0,0,0,0,0
"flight",2,0,0,0,0,0,0
"follow",3,0,0,0,0,0,0
"followrealdatil",573,12,5,5,0,0,0
"food",1,0,0,0,0,0,0
"foodi",1,0,0,0,0,0,0
"foolish",1,0,0,1,0,0,0
"for",97,21,4,5,2,3,2
"foray",3,0,0,0,0,0,0
"forc",1,0,0,0,0,0,0
"foreign",17,0,0,0,0,0,0
"forget",1,0,1,0,0,0,0
"forgot",1,0,0,0,0,0,0
"format",1,0,0,0,0,0,0
"forti",1,0,0,0,0,0,0
"foryear",1,0,0,0,0,0,0
"fot",1,0,0,0,0,0,0
"foundat",3,0,0,0,0,0,0
"founder",0,1,0,0,0,0,0
"fourth",1,0,0,0,0,0,0
"framework",1,0,0,0,0,0,0
"fraud",0,0,0,0,0,1,0
"free",0,1,0,0,0,0,0
"freewhi",0,0,1,0,0,0,0
"friend",0,2,0,0,0,0,0
"frm",1,0,0,0,0,0,0
"frock",1,0,0,0,0,0,0
"from",56,7,3,0,0,1,0
"front",0,1,0,3,0,0,0
"fruit",0,0,1,0,0,0,0
"fsb",1,1,0,0,0,0,0
"fulfil",7,0,0,0,0,0,0
"full",11,0,0,0,0,0,0
"fullya",2,0,0,0,0,0,0
"fun",1,0,0,0,0,0,0
"fund",2,0,0,0,0,0,0
"funni",0,1,0,0,0,0,0
"futur",3,2,0,0,0,0,0
"gain",1,0,0,0,0,0,0
"game",1,0,1,0,0,0,0
"gandhi",1035,68,21,16,8,5,2
"gandhiansw",0,2,0,0,0,0,0
"gandhiar",1,0,0,0,0,0,0
"gandhicongress",1,0,0,0,0,0,0
"gandhih",1,0,0,0,0,0,0
"gandhikya",1,0,0,0,0,0,0
"gandhinehru",1,0,0,0,0,0,0
"gandhip",1,0,0,0,0,0,0
"gandhiquot",8,0,0,0,0,0,0
"gandhirti",1,0,0,0,0,0,0
"gandhitim",1,0,0,0,0,0,0
"gandhiur",1,0,0,0,0,0,0
"gandhiwhi",1,0,0,0,0,0,0
"gandhiwho",1,0,0,0,0,0,0
"gang",10,0,0,0,0,0,0
"ganglol",1,0,0,0,0,0,0
"gangquot",1,0,0,0,0,0,0
"gas",1,0,0,0,0,0,0
"gate",0,3,0,0,0,0,0
"gatesfound",0,1,0,0,0,0,0
"gatesmicrosoft",0,1,0,0,0,0,0
"gatesmicrosoftsgt",0,1,0,0,0,0,0
"gather",1,0,0,0,0,0,0
"gauriganj",6,0,0,0,0,0,0
"gave",16,2,0,0,0,0,0
"gayamumyyyyyyyyi",1,0,0,0,0,0,0
"gds",0,0,0,0,0,1,0
"geacutenesi",3,0,0,0,0,0,0
"gear",0,1,0,0,0,0,0
"gender",1,0,0,0,0,0,0
"genus",1,0,0,0,0,0,0
"get",3,2,10,3,0,0,0
"ghanta",1,0,0,0,0,0,0
"ghar",1,0,0,0,0,0,0
"ghost",2,0,0,0,0,0,0
"gift",2,0,0,0,0,0,0
"gigant",1,0,0,0,0,0,0
"girl",1,0,0,0,0,0,0
"gitaquot",1,0,0,0,0,0,0
"giv",7,0,0,0,0,0,0
"give",8,1,1,0,0,0,0
"given",2,0,0,0,0,0,0
"glare",1,0,0,0,0,0,0
"glimps",0,1,0,0,0,0,0
"glitch",3,1,0,0,0,0,0
"glitchno",1,0,0,0,0,0,0
"glitchp",1,0,0,0,0,0,0
"glitchquot",3,0,0,0,0,0,0
"glitter",0,1,0,0,0,0,0
"glori",0,0,1,0,0,0,0
"goal",1,0,0,0,0,0,0
"god",0,2,0,0,0,0,0
"goe",1,0,0,0,0,0,0
"goi",1,0,0,0,0,0,0
"goinrl",0,0,0,1,0,0,0
"gonzalez",16,0,0,0,0,0,0
"good",0,10,0,0,0,0,0
"goswami",2,0,0,0,0,0,0
"got",4,2,0,0,0,0,0
"gov",0,0,1,0,0,0,0
"govern",5,0,0,0,0,0,0
"govt",8,2,0,0,0,0,0
"govtwil",1,0,0,0,0,0,0
"graduat",2,0,0,0,0,0,0
"grammar",1,0,0,0,0,0,0
"grand",0,1,0,0,0,0,0
"grandmoth",1,0,0,0,0,0,0
"grassroot",1,0,0,0,0,0,0
"great",0,6,0,0,0,0,0
"greater",0,1,0,0,0,0,0
"greatestoh",1,0,0,0,0,0,0
"grievanc",3,0,0,0,0,0,0
"growth",2,0,0,0,0,0,0
"gtdetail",1,0,0,0,0,0,0
"gtgt",1,0,0,0,0,0,0
"guard",1,0,0,0,0,0,0
"guess",2,0,0,0,0,0,0
"guilt",0,0,1,0,0,0,0
"gujarat",0,1,0,0,0,0,0
"gujarati",0,1,0,0,0,0,0
"gulabi",12,0,0,0,0,0,0
"guntur",1,0,0,0,0,0,0
"gut",1,0,0,0,0,0,0
"guy",3,0,0,3,0,0,0
"gvl",0,1,0,0,0,0,0
"gyan",1,0,0,0,0,0,0
"had",4,0,0,0,0,0,0
"haha",1,0,0,0,0,0,0
"hahahahahaha",0,1,0,0,0,0,0
"hai",5,0,0,0,0,0,0
"haimoney",0,0,0,1,0,0,0
"hain",5,0,0,0,0,0,0
"haiquot",1,0,0,0,0,0,0
"hall",1,0,0,0,0,0,0
"hand",2,0,0,0,0,0,0
"handsom",1,0,0,0,0,0,0
"hang",0,0,0,1,0,0,0
"hanna",1,0,0,0,0,0,0
"happi",0,1,0,0,0,0,0
"happiest",0,1,0,0,0,0,0
"haraami",0,1,0,0,0,0,0
"harbing",4,0,0,0,0,0,0
"hard",2,0,1,0,0,0,0
"hart",1,0,0,0,0,0,0
"harvard",0,1,0,0,0,0,0
"has",36,2,3,1,0,0,0
"hasnt",1,0,0,0,0,0,0
"hate",1,0,0,1,0,0,0
"have",23,1,0,0,0,0,1
"havea",0,1,0,0,0,0,0
"havehonorari",0,1,0,0,0,0,0
"hawkin",1,0,0,0,0,0,0
"hboadvanc",1,0,0,0,0,0,0
"head",0,2,0,0,0,0,0
"hear",6,0,0,0,0,0,0
"heard",2,0,0,0,0,0,0
"heart",0,11,0,0,0,0,0
"heavili",1,0,0,0,0,0,0
"hed",1,0,0,0,0,0,0
"hell",1,0,1,0,0,0,0
"hello",1,0,0,0,0,0,0
"hellor",0,0,0,0,0,0,1
"help",2,0,0,0,0,0,0
"her",4,0,1,0,0,0,0
"here",4,0,0,0,0,0,0
"hero",0,1,0,0,0,0,0
"hes",0,1,0,0,0,0,0
"hey",1,0,0,0,0,0,0
"hide",5,0,0,0,0,0,0
"high",0,0,0,2,0,0,0
"highest",0,0,1,0,0,0,0
"highway",1,0,0,0,0,0,0
"hillari",1,0,0,0,0,0,0
"him",11,1,1,1,0,0,0
"hima",1,0,0,0,0,0,0
"himself",3,0,0,1,0,0,0
"hind",1,0,0,0,0,0,0
"hiranandani",1,0,0,0,0,0,0
"his",52,12,7,1,0,1,0
"histor",2,0,0,0,0,0,0
"hoardingsrahul",0,1,0,0,0,0,0
"hoga",1,0,0,0,0,0,0
"hole",0,0,0,1,0,0,0
"home",2,0,0,0,0,0,0
"honest",1,0,0,0,0,0,0
"honey",2,0,0,0,0,0,0
"hope",5,1,0,0,0,1,0
"hospitalwhat",1,0,0,0,0,0,0
"hot",3,0,0,0,0,0,0
"hous",1,0,1,0,0,0,0
"how",12,3,3,1,0,0,1
"href",139,21,0,5,0,1,0
"hrefaamaadmiparti",2,1,0,0,0,0,0
"hrefaapchorhain",1,0,0,0,0,0,0
"hrefaapmumbai",0,0,0,0,1,0,0
"hrefaaptivist",1,0,0,0,0,0,0
"hrefaapyogendra",3,0,0,0,0,0,0
"hrefabeshinzo",5,0,0,0,0,0,0
"hrefabhijitmajumd",0,0,0,1,0,0,0
"hrefabhinandansekhr",0,1,0,0,0,0,0
"hrefabhisarsharma",1,0,0,0,0,0,0
"hrefabhishekm",1,0,0,0,0,0,0
"hrefaditityagi",1,0,0,0,0,0,0
"hrefajaybarala",1,0,0,0,0,0,0
"hrefaksood",1,0,0,0,0,0,0
"hrefameeshapatel",1,0,0,0,0,0,0
"hrefamitsr",0,1,0,0,0,0,0
"hrefaninew",6,0,0,0,0,0,0
"hrefanupampkh",1,0,0,0,0,0,0
"hrefarangarajan",1,0,0,0,0,0,0
"hrefarunjaitley",1,1,0,0,0,0,0
"hrefarvindkejriw",6,0,0,0,0,0,0
"hrefashishjourno",1,0,0,0,0,0,0
"hrefashutoshb",1,0,0,0,0,0,0
"hrefashwinramaswami",3,0,0,0,0,0,0
"hrefashwinskumar",1,0,0,0,0,0,0
"hrefauthackeray",1,0,0,0,0,0,0
"hrefbadprit",0,1,0,0,0,0,0
"hrefbarackobama",5,0,0,0,0,0,0
"hrefbawlibooch",1,0,0,0,0,0,0
"hrefbbcnew",1,0,0,0,0,0,0
"hrefbdutt",2,0,0,0,0,0,0
"hrefbewithrg",2,0,0,0,0,0,0
"hrefbhaksala",1,0,0,0,0,0,0
"hrefbhupendrachaub",1,0,0,0,0,0,0
"hrefbilalj",1,0,0,0,0,0,0
"hrefbjpindia",5,2,0,0,0,0,0
"hrefbolshoybooz",1,0,0,0,0,0,0
"hrefcalamur",1,1,0,0,0,0,0
"hrefcenterofright",0,0,1,0,0,0,0
"hrefcharakan",1,0,0,0,0,0,0
"hrefchedegaardeu",29,0,0,0,0,0,0
"hrefchetanbhagat",0,1,0,0,0,0,0
"hrefchouhanshivraj",1,0,0,0,0,0,0
"hrefcongressfan",1,0,0,0,0,0,0
"hrefcoolfunnytshirt",0,0,0,1,0,0,0
"hrefdeependershooda",2,0,0,0,0,0,0
"hrefdeeptisachdeva",2,0,0,0,0,0,0
"hrefdeshgujarat",1,0,0,0,0,0,0
"hrefdhingravivek",1,0,0,0,0,0,0
"hrefdhirajverma",1,0,0,0,0,0,0
"hrefdibang",1,0,0,0,0,0,0
"hrefdigvijaya",4,0,1,0,0,0,0
"hrefdineshghodk",1,0,0,0,0,0,0
"hrefdivyaspandana",2,1,0,0,1,0,0
"hrefdixitnamrata",1,0,0,0,0,0,0
"hrefdkleo",1,0,0,0,0,0,0
"hrefdkprabhu",1,0,0,0,0,0,0
"hrefdna",2,0,0,0,0,0,0
"hrefdoctoratlarg",4,0,0,0,0,0,0
"hrefdrgarekar",1,0,0,0,0,0,0
"hrefdrharshvardhan",1,0,0,0,0,0,0
"hrefdrkumarvishwa",1,0,0,0,0,1,0
"hrefdrrutvij",1,0,0,0,0,0,0
"hrefeastindiacomedi",1,0,0,0,0,0,0
"hrefeconomictim",1,0,0,0,0,0,0
"hrefeucouncilpress",27,0,0,0,0,0,0
"hrefeueea",28,0,0,0,0,0,0
"hrefeuropeanunion",30,0,0,0,0,0,0
"hreffakejourno",1,0,0,0,0,0,0
"hreffar",2,0,0,0,0,0,0
"hreffaujdardev",0,1,0,0,0,0,0
"hreffirstpostin",3,0,0,0,0,0,0
"hreffriendsofrahul",1,0,0,0,0,0,0
"hrefgabbbarsingh",1,0,0,0,0,0,0
"hrefgappistanradio",1,0,0,0,0,0,0
"hrefgirishgoa",1,0,0,0,0,0,0
"hrefgjspeak",1,0,0,0,0,0,0
"hrefgopalarvind",1,0,0,0,0,0,0
"hrefgsurya",1,0,0,0,0,0,0
"hrefharbingeroflust",1,0,0,0,0,0,0
"hrefhcltech",1,0,0,0,0,0,0
"hrefhdldelhi",0,3,0,0,0,0,0
"hrefhdlindia",0,3,0,0,0,0,0
"hrefhdlwarrior",0,2,0,0,0,0,0
"hrefhttweet",3,1,0,0,0,0,0
"hrefibnl",2,0,0,0,0,1,0
"hrefikaveri",1,0,0,0,0,0,0
"hrefilazylad",1,0,0,0,0,0,0
"hrefimauzziechopra",1,0,0,0,0,0,0
"hrefimpunit",1,0,0,0,0,0,0
"hrefincindia",3,1,1,0,0,0,0
"hrefincsupport",1,0,0,0,0,0,0
"hrefindia",1,0,0,0,0,0,0
"hrefindiatoday",1,0,0,0,0,0,1
"hrefinsanen",1,0,0,0,0,0,0
"hrefiste",0,0,1,0,0,0,0
"hrefitssheldongh",1,0,0,0,0,0,0
"hrefjeminp",0,0,1,0,0,0,0
"hrefjhasanjay",3,1,0,0,0,0,0
"hrefjhunjhunwala",2,0,0,0,0,0,0
"hrefjusticearnab",1,0,0,0,0,0,0
"hrefjyotiprasadbora",1,0,0,0,0,0,0
"hrefkamaalrkhan",1,0,0,0,0,0,0
"hrefkaushikrg",0,0,0,1,0,0,0
"hrefkiranbedi",1,0,0,0,0,0,0
"hrefkrupakarm",1,0,0,0,0,0,0
"hrefkunalmajumd",1,0,0,0,0,0,0
"hrefmadvers",3,0,0,0,0,0,0
"hrefmalikashok",1,0,0,0,0,0,0
"hrefmalviyamit",1,0,0,0,0,0,0
"hrefmanikgup",1,0,0,0,0,0,0
"hrefmaulinshah",1,0,0,0,0,0,0
"hrefmediacrook",1,0,1,0,0,0,0
"hrefmediaf",1,0,0,0,0,0,0
"hrefmihirssharma",1,0,0,0,0,0,0
"hrefmilinddeora",1,0,0,0,0,0,0
"hrefmilindmatt",1,0,0,0,0,0,0
"hrefmlekhi",1,0,0,0,0,0,0
"hrefmyavys",2,0,0,0,0,0,0
"hrefmyselfsmk",1,0,0,0,0,0,0
"hrefnanditathhakur",2,0,0,0,0,0,0
"hrefnarendramodi",8,5,1,0,0,0,0
"hrefndtv",3,1,0,0,0,0,0
"hrefnehaak",1,0,0,0,0,0,0
"hrefnistula",1,0,0,0,0,0,0
"hrefnotthatmp",1,0,0,0,0,0,0
"hrefnsitharaman",0,1,0,0,0,0,0
"hrefnviswam",1,0,0,0,0,0,0
"hrefotvnew",0,1,0,0,0,0,0
"hrefpandajay",0,1,0,0,0,0,0
"hrefparulbajaj",1,0,0,0,0,0,0
"hrefpathanasmakhan",1,0,0,0,0,0,0
"hrefpawankhera",3,0,0,0,0,0,0
"hrefpmoindia",1,0,0,0,0,0,0
"hrefprabhuchawla",0,1,0,0,0,0,0
"hrefprakaashgurjar",1,0,0,0,0,0,0
"hrefpranabmukherji",5,0,0,0,0,0,0
"hrefpranavkal",1,0,0,0,0,0,0
"hrefquizderek",0,1,0,0,0,0,0
"hrefrachitseth",2,0,0,0,0,0,0
"hrefrahul",1,0,0,0,0,1,0
"hrefrahulgandhi",3,0,1,0,0,0,0
"hrefrahulkanw",2,1,0,0,0,0,0
"hrefrahulroushan",0,1,0,0,0,0,0
"hrefrajeshkam",1,0,0,0,0,0,0
"hrefrajeshvenki",1,0,0,0,0,0,0
"hreframeshsrivat",0,1,0,0,0,0,0
"hrefrashminp",1,0,0,0,0,0,0
"hrefravishankarbjp",1,0,0,0,0,0,0
"hrefrcfaldu",1,0,0,0,0,0,0
"hrefrealistindian",1,0,0,0,0,0,0
"hrefreviewero",1,0,0,0,0,0,0
"hrefrgandhioffici",1,0,0,0,0,0,0
"hrefrgvzoomin",0,1,1,0,0,0,0
"hrefrjtejaljani",1,0,0,0,0,0,0
"hrefrmithyantha",0,0,0,0,1,0,0
"hrefroflgandhi",1,0,0,0,0,0,0
"hrefroshan",1,0,0,0,0,0,0
"hrefrubikaliyaquat",1,0,0,0,0,0,0
"hrefrv",1,0,0,0,0,0,0
"hrefrvaidya",0,0,0,0,1,0,0
"hrefrvkrish",2,0,0,0,0,0,0
"hrefsachinrt",1,0,0,0,0,0,0
"hrefsalmanjgd",1,0,0,0,0,0,0
"hrefsalmansoz",1,0,0,0,1,0,0
"hrefsambitswaraj",1,0,0,0,0,0,0
"hrefsanjayroxalwi",0,1,0,0,0,0,0
"hrefsanthu",1,0,0,0,0,0,0
"hrefsardesairajdeep",3,0,0,0,0,1,0
"hrefsbiconnex",1,0,0,0,0,0,0
"hrefsearchqaapampsrchash",2,1,0,0,0,0,0
"hrefsearchqaapconampsrchash",1,0,0,0,0,0,0
"hrefsearchqaapyogendrainmhampsrchash",1,0,0,0,1,0,0
"hrefsearchqaiccampsrchash",5,0,0,0,0,0,0
"hrefsearchqalliwannadoampsrchash",2,0,0,0,0,0,0
"hrefsearchqamethiampsrchash",7,1,0,0,0,0,0
"hrefsearchqammaampsrchash",0,1,0,0,0,0,0
"hrefsearchqannoyedampsrchash",0,0,1,0,0,0,0
"hrefsearchqaranmulaampsrchash",1,0,0,0,0,0,0
"hrefsearchqariafindsoutampsrchash",2,0,0,0,0,0,0
"hrefsearchqarianatorsstandabovehateampsrchash",4,0,0,0,0,0,0
"hrefsearchqarnabvsrahulampsrchash",1,0,0,0,0,0,0
"hrefsearchqaskrajdeepampsrchash",1,0,0,0,0,0,0
"hrefsearchqbacheloretteampsrchash",0,1,0,0,0,0,0
"hrefsearchqbampsrchash",1,0,0,0,0,0,0
"hrefsearchqbarcavscityampsrchash",1,0,0,0,0,0,0
"hrefsearchqbharatnirmanampsrchash",1,0,0,0,0,0,0
"hrefsearchqbhaskarnewsampsrchash",1,0,0,0,0,0,0
"hrefsearchqbigmistakeampsrchash",1,0,0,0,0,0,0
"hrefsearchqbjpampsrchash",2,2,0,0,0,1,0
"hrefsearchqbollywoodampsrchash",1,0,0,0,0,0,0
"hrefsearchqbombaytimesampsrchash",1,0,0,0,0,0,0
"hrefsearchqbreakingampsrchash",1,0,0,0,0,0,0
"hrefsearchqcambridgeampsrchash",1,0,0,0,0,0,0
"hrefsearchqcampaignampsrchash",1,0,0,0,0,0,0
"hrefsearchqcbnampsrchash",1,0,0,0,0,0,0
"hrefsearchqcenavscesaroampsrchash",1,0,0,0,0,0,0
"hrefsearchqchiranjeeviampsrchash",2,1,0,0,0,0,0
"hrefsearchqclecekolsamsonscbzcbcmampsrchash",7,0,0,0,0,0,0
"hrefsearchqcomedynightswithkapilampsrchash",1,0,0,0,0,0,0
"hrefsearchqcongressampsrchash",18,2,0,1,0,1,0
"hrefsearchqcongressmukhbharatampsrchash",1,0,0,0,0,0,0
"hrefsearchqcongressmuktbharatampsrchash",1,0,1,0,0,0,0
"hrefsearchqcongresstardsampsrchash",0,0,0,1,0,0,0
"hrefsearchqcoolestintervieweverampsrchash",2,0,0,0,0,0,0
"hrefsearchqcricketampsrchash",1,0,0,0,0,0,0
"hrefsearchqcumannanyaaaampsrchash",5,0,0,0,0,0,0
"hrefsearchqcumasimsimiampsrchash",3,0,0,0,0,0,0
"hrefsearchqdainikjagranampsrchash",1,0,0,0,0,0,0
"hrefsearchqdelhiampsrchash",0,0,0,1,0,0,0
"hrefsearchqdidiampsrchash",0,1,0,0,0,0,0
"hrefsearchqdigitalinsightsampsrchash",1,0,0,0,0,0,0
"hrefsearchqdiscoveryoftheyearampsrchash",1,0,0,0,0,0,0
"hrefsearchqdramanamoampsrchash",2,1,0,0,0,0,0
"hrefsearchqdumbampsrchash",1,0,0,0,0,0,0
"hrefsearchqeducationampsrchash",1,0,0,0,0,0,0
"hrefsearchqelectionampsrchash",1,0,0,0,0,0,0
"hrefsearchqelectionsampsrchash",1,0,0,0,0,0,0
"hrefsearchqempresssoniaampsrchash",1,0,0,0,0,0,0
"hrefsearchqentertainmentampsrchash",1,0,0,0,0,0,0
"hrefsearchqentertainmenttaxampsrchash",1,0,0,0,0,0,0
"hrefsearchqfacepalmampsrchash",1,0,0,0,0,0,0
"hrefsearchqfancallsrdampsrchash",1,0,0,0,0,0,0
"hrefsearchqfedexchatampsrchash",3,0,0,0,0,0,0
"hrefsearchqfmradioampsrchash",4,0,0,0,0,0,0
"hrefsearchqfrstampsrchash",1,0,0,0,0,0,0
"hrefsearchqfuckcongressampsrchash",0,1,0,0,0,0,0
"hrefsearchqgandhiampsrchash",6,4,0,0,0,0,0
"hrefsearchqgbsomewhereinmypastampsrchash",3,0,0,0,0,0,0
"hrefsearchqghettofamilyfeudampsrchash",1,0,0,0,0,0,0
"hrefsearchqgioneewitheminemampsrchash",2,0,0,0,0,0,0
"hrefsearchqglitchampsrchash",1,0,0,0,0,0,0
"hrefsearchqgpccampsrchash",5,0,0,0,0,0,0
"hrefsearchqgujaratpradeshcongressampsrchash",5,0,0,0,0,0,0
"hrefsearchqhapimoniampsrchash",2,0,0,0,0,0,0
"hrefsearchqhdlampsrchash",2,0,0,0,0,0,0
"hrefsearchqhelpampsrchash",0,1,0,0,0,0,0
"hrefsearchqhowridiculousampsrchash",1,0,0,0,0,0,0
"hrefsearchqiheartmnyampsrchash",5,0,0,0,0,0,0
"hrefsearchqincampsrchash",8,3,0,0,0,0,0
"hrefsearchqincindiaampsrchash",2,0,0,0,0,0,0
"hrefsearchqincleaderampsrchash",5,0,0,0,0,0,0
"hrefsearchqindiaampsrchash",4,0,1,0,0,0,0
"hrefsearchqindianpoliticsampsrchash",0,1,0,0,0,0,0
"hrefsearchqindvsnzampsrchash",4,0,0,0,0,0,0
"hrefsearchqinterviewampsrchash",0,1,0,0,0,0,0
"hrefsearchqirbmampsrchash",1,0,0,0,0,0,0
"hrefsearchqjaganampsrchash",1,0,0,0,0,0,0
"hrefsearchqjaihoampsrchash",1,0,0,0,0,0,0
"hrefsearchqjimmyfallonampsrchash",3,0,0,0,0,0,0
"hrefsearchqjokeampsrchash",1,0,0,0,0,0,0
"hrefsearchqjustsayingampsrchash",1,0,0,0,0,0,0
"hrefsearchqkapilsharmaampsrchash",1,0,0,0,0,0,0
"hrefsearchqkejriwalampsrchash",5,1,0,0,0,0,0
"hrefsearchqkejriwalsampsrchash",1,0,0,0,0,0,0
"hrefsearchqkeralaampsrchash",1,0,0,1,0,0,0
"hrefsearchqkindleampsrchash",7,0,0,0,0,0,0
"hrefsearchqkkrampsrchash",1,0,0,0,0,0,0
"hrefsearchqksgbestasadampsrchash",4,0,0,0,0,0,0
"hrefsearchqkumarvishwasampsrchash",1,0,0,0,0,0,0
"hrefsearchqleonafanoftheweekampsrchash",4,0,0,0,0,0,0
"hrefsearchqliarkejriwalampsrchash",3,0,0,0,0,0,0
"hrefsearchqliarnamoampsrchash",6,0,0,0,0,0,0
"hrefsearchqloksabhaampsrchash",1,0,0,0,0,0,0
"hrefsearchqloksabhaelectionampsrchash",1,0,0,0,0,0,0
"hrefsearchqloksabhatvampsrchash",0,0,1,0,0,0,0
"hrefsearchqlsblackoutampsrchash",1,0,1,0,0,0,0
"hrefsearchqlyncconfampsrchash",11,0,0,0,0,0,0
"hrefsearchqmahatmakillingampsrchash",1,0,0,0,0,0,0
"hrefsearchqmasterlockcaresampsrchash",9,0,0,0,0,0,0
"hrefsearchqmindlessampsrchash",1,0,0,0,0,0,0
"hrefsearchqmoadirallytaxampsrchash",1,0,0,0,0,0,0
"hrefsearchqmodiampsrchash",6,2,0,0,0,1,0
"hrefsearchqmodifiedampsrchash",0,0,1,0,0,0,0
"hrefsearchqmodirallytaxampsrchash",1,0,0,0,0,0,0
"hrefsearchqmonsantoampsrchash",1,0,0,0,0,0,0
"hrefsearchqmumbaiampsrchash",1,0,0,0,0,0,0
"hrefsearchqmurderampsrchash",0,0,0,1,0,0,0
"hrefsearchqmuslimampsrchash",1,0,0,0,0,0,0
"hrefsearchqnammanamoampsrchash",0,0,0,3,0,0,0
"hrefsearchqnamoampsrchash",1,1,0,0,0,1,0
"hrefsearchqnamoinkarampsrchash",15,0,0,0,0,0,0
"hrefsearchqnampsrchash",0,1,0,0,0,0,0
"hrefsearchqnanoradioampsrchash",3,0,0,0,0,0,0
"hrefsearchqnewsampsrchash",3,0,0,0,0,0,0
"hrefsearchqnewzsocialampsrchash",1,0,0,0,0,0,0
"hrefsearchqnowwatchingampsrchash",1,0,0,0,0,0,0
"hrefsearchqnzvindampsrchash",2,0,0,0,0,0,0
"hrefsearchqnzvsindampsrchash",3,0,0,0,0,0,0
"hrefsearchqoomfampsrchash",4,0,0,0,0,0,0
"hrefsearchqpaidmediaampsrchash",1,0,0,0,0,0,0
"hrefsearchqpappuampsrchash",6,1,0,0,0,0,0
"hrefsearchqparrikarampsrchash",1,0,0,0,0,0,0
"hrefsearchqphotogalleryampsrchash",1,0,0,0,0,0,0
"hrefsearchqpleasertampsrchash",1,0,0,0,0,0,0
"hrefsearchqpllampsrchash",1,0,0,0,0,0,0
"hrefsearchqpllchatampsrchash",3,0,0,0,0,0,0
"hrefsearchqpoliticsampsrchash",1,0,0,0,0,0,0
"hrefsearchqpollsampsrchash",0,1,0,0,0,0,0
"hrefsearchqporunmundoampsrchash",3,0,0,0,0,0,0
"hrefsearchqpowerplayampsrchash",1,0,0,0,0,0,0
"hrefsearchqpressplayvaampsrchash",4,0,0,0,0,0,0
"hrefsearchqpriyankaampsrchash",1,0,0,0,0,0,0
"hrefsearchqragaampsrchash",5,0,0,0,0,0,0
"hrefsearchqrahulampsrchash",10,4,0,0,0,0,0
"hrefsearchqrahulgandhiampsrchash",62,12,7,4,1,0,0
"hrefsearchqrajivgandhiampsrchash",1,0,1,0,0,0,0
"hrefsearchqrapeampsrchash",0,0,0,1,0,0,0
"hrefsearchqratchetjeopardyampsrchash",2,0,0,0,0,0,0
"hrefsearchqrealityampsrchash",2,0,0,0,0,0,0
"hrefsearchqrebeldeampsrchash",1,0,0,0,0,0,0
"hrefsearchqrgeduampsrchash",6,1,0,0,0,0,0
"hrefsearchqripdemocrocyampsrchash",1,0,0,0,0,0,0
"hrefsearchqrtiampsrchash",1,0,0,0,0,0,0
"hrefsearchqsahebampsrchash",1,0,0,0,0,0,0
"hrefsearchqsailingwithengageampsrchash",7,0,0,0,0,0,0
"hrefsearchqsandyjordanampsrchash",1,0,0,0,0,0,0
"hrefsearchqsanjayduttampsrchash",2,0,0,0,0,0,0
"hrefsearchqsbiampsrchash",2,0,0,0,0,0,0
"hrefsearchqseriousquestionampsrchash",1,0,0,0,0,0,0
"hrefsearchqservicetaxampsrchash",1,0,0,0,0,0,0
"hrefsearchqservicetaxonmodirallyampsrchash",3,0,0,0,0,0,0
"hrefsearchqshameampsrchash",2,0,0,0,0,0,0
"hrefsearchqshamefulblackoutampsrchash",1,0,0,0,0,0,0
"hrefsearchqshamelessampsrchash",1,0,0,0,0,0,0
"hrefsearchqsmwnycampsrchash",6,0,0,0,0,0,0
"hrefsearchqsnoopingampsrchash",1,0,0,0,0,0,0
"hrefsearchqsnowdayampsrchash",5,0,0,0,0,0,0
"hrefsearchqsochiampsrchash",4,0,0,0,0,0,0
"hrefsearchqsocialmediaampsrchash",2,0,0,0,0,0,0
"hrefsearchqsoldiersampsrchash",1,0,0,0,0,0,0
"hrefsearchqsoniaampsrchash",1,0,0,0,0,0,0
"hrefsearchqsoniagandhiampsrchash",1,0,0,0,0,0,0
"hrefsearchqsonigandhiampsrchash",0,0,1,0,0,0,0
"hrefsearchqsoscometofloridaampsrchash",4,0,0,0,0,0,0
"hrefsearchqspencertellsampsrchash",5,0,0,0,0,0,0
"hrefsearchqstalkingampsrchash",1,0,0,0,0,0,0
"hrefsearchqstanniversarynotersampsrchash",4,0,0,0,0,0,0
"hrefsearchqstarsstripesandmaplesyrupampsrchash",2,0,0,0,0,0,0
"hrefsearchqsuperwomantomumbaiampsrchash",11,0,0,0,0,0,0
"hrefsearchqsuryaampsrchash",1,0,0,0,0,0,0
"hrefsearchqsuryarayampsrchash",1,0,0,0,0,0,0
"hrefsearchqtamilnaduampsrchash",0,0,0,1,0,0,0
"hrefsearchqtaxingnamorallyampsrchash",1,0,0,0,0,0,0
"hrefsearchqtelanganaampsrchash",10,0,0,0,0,1,0
"hrefsearchqtelanganabillampsrchash",3,0,0,0,0,0,0
"hrefsearchqtelanganabillblackoutampsrchash",1,0,0,0,0,0,0
"hrefsearchqtelecomampsrchash",1,0,0,0,0,0,0
"hrefsearchqtelenganaampsrchash",2,0,0,0,0,0,0
"hrefsearchqtelenganabillampsrchash",1,0,0,0,0,0,0
"hrefsearchqtelenganablackoutinparliamentampsrchash",1,0,0,0,0,0,0
"hrefsearchqthemastermentalistampsrchash",1,0,0,0,0,0,0
"hrefsearchqtnampsrchash",1,0,0,0,0,0,0
"hrefsearchqtoiampsrchash",1,0,0,0,0,0,0
"hrefsearchqtrsampsrchash",1,0,0,0,0,0,0
"hrefsearchqtwitterampsrchash",1,0,0,0,0,0,0
"hrefsearchquclampsrchash",5,0,0,0,0,0,0
"hrefsearchqunitedapampsrchash",2,0,0,0,0,0,0
"hrefsearchqupaachivementsampsrchash",5,0,0,0,0,0,0
"hrefsearchqupaampsrchash",11,1,0,0,0,0,0
"hrefsearchqupafinalgambleampsrchash",1,0,0,0,0,0,0
"hrefsearchqupastudentsampsrchash",0,1,0,0,0,0,0
"hrefsearchqvotedbritawardsampsrchash",12,0,0,0,0,0,0
"hrefsearchqwecantdateifampsrchash",9,0,0,0,0,0,0
"hrefsearchqwherzmynobelampsrchash",1,0,0,0,0,0,0
"hrefsearchqwhylsblackoutampsrchash",1,0,0,0,0,0,0
"hrefsearchqwithrgampsrchash",5,0,0,0,0,0,0
"hrefsearchqwomenampsrchash",1,0,0,0,0,0,0
"hrefsearchqwomenempowermentampsrchash",1,0,0,0,0,0,0
"hrefsearchqworldampsrchash",1,0,0,0,0,0,0
"hrefsearchqyamgotvampsrchash",1,0,0,0,0,0,0
"hrefsearchqyocongbjpsoconstitutionalampsrchash",12,0,0,0,0,0,0
"hrefshaaneavadh",2,0,0,0,0,0,0
"hrefshahidla",1,0,0,0,0,0,0
"hrefshahnawazbjp",1,0,0,0,0,0,0
"hrefsharanvj",1,0,0,0,0,0,0
"hrefshashitharoor",0,0,0,1,0,0,0
"hrefshazz",1,0,0,0,0,0,0
"hrefshilpitewari",1,0,0,0,0,0,0
"hrefsimble",0,1,0,0,0,0,0
"hrefsinhamukul",2,0,0,0,0,0,0
"hrefsirasri",0,1,1,0,0,0,0
"hrefsirjadeja",1,0,0,0,0,0,0
"hrefsjacobtalk",1,0,0,0,0,0,0
"hrefsocialscatter",1,0,0,0,0,0,0
"hrefsreehari",1,0,0,0,0,0,0
"hrefsreevathss",1,0,0,0,0,0,0
"hrefsrivatsayb",2,0,0,0,0,0,0
"hrefstrtlk",0,1,0,0,0,0,0
"hrefsuhasinih",1,0,0,0,0,0,0
"hrefsuhelseth",1,0,0,0,0,0,0
"hrefsumitsaurabh",0,0,1,0,0,0,0
"hrefsunainaachadha",1,0,0,0,0,0,0
"hrefsunetrac",1,0,0,0,0,0,0
"hrefsuniljani",1,0,0,0,0,0,0
"hrefsuryaray",2,0,0,0,0,0,0
"hrefsushmaswarajbjp",6,0,0,0,0,0,0
"hrefswami",6,3,0,1,0,0,0
"hrefswspot",2,0,0,0,0,0,0
"hreftajinderbagga",1,0,0,0,0,0,0
"hreftanvii",0,1,0,0,0,0,0
"hrefthebakraman",1,0,0,0,0,0,0
"hrefthefraudmallu",1,0,0,0,0,0,0
"hrefthenewshour",1,0,0,0,0,0,0
"hreftherahulmahajan",1,0,0,0,0,0,0
"hrefthetanmay",2,0,0,0,0,0,0
"hreftimesnow",10,1,1,0,0,1,0
"hreftoiindianew",2,0,0,0,0,0,0
"hrefun",26,0,0,0,0,0,0
"hrefunesco",26,0,0,0,0,0,0
"hrefupa",2,0,0,0,0,0,0
"hrefupagovt",1,0,0,0,0,0,0
"hrefvamsitrim",1,0,0,0,0,0,0
"hrefvarman",1,0,0,0,0,0,0
"hrefvibhasay",1,0,0,0,0,0,0
"hrefvijaygoelbjp",1,0,0,0,0,0,0
"hrefvikramwkarv",1,0,0,0,0,0,0
"hrefvinodsharma",0,1,0,0,0,0,0
"hrefvinodstu",1,0,0,0,0,0,0
"hrefvkbhosal",1,0,0,0,0,0,0
"hrefwaglenikhil",3,0,0,0,0,0,0
"hrefwatch",1,0,0,0,0,0,0
"hrefwhattheffact",0,0,0,1,0,0,0
"hrefwithcongress",1,0,0,0,0,0,0
"hrefwithrg",1,0,0,0,0,0,0
"hrefwsjindia",1,0,0,0,0,0,0
"hrefyogicongress",3,0,0,0,0,0,0
"hrefyogrishiramdev",1,0,0,0,0,0,0
"hrefyoutub",6,0,0,0,0,0,0
"hrefyuvadesh",1,0,0,0,0,0,0
"hrefyuvaitv",1,0,0,0,0,0,0
"hriday",5,0,0,0,0,0,0
"human",1,0,0,0,0,0,0
"huya",1,0,0,0,0,0,0
"hype",0,0,0,0,0,0,1
"iam",2,0,0,0,0,0,0
"idea",3,0,0,0,0,0,0
"ideolog",3,1,0,0,0,0,0
"idiot",0,1,0,0,0,0,0
"ill",0,1,1,0,0,0,0
"imag",1,0,0,0,0,0,0
"imagin",0,1,0,0,0,0,0
"immeasur",0,1,0,0,0,0,0
"immedi",2,0,0,0,0,0,0
"impass",0,1,0,0,0,0,0
"implement",1,0,0,0,0,0,0
"impos",1,0,0,0,0,0,0
"impress",1,0,0,0,0,0,0
"improv",1,0,0,0,0,0,0
"imprssd",1,0,0,0,0,0,0
"inauga",2,0,0,0,0,0,0
"inaugar",1,0,0,0,0,0,0
"inaugru",0,0,0,0,0,1,0
"inaugur",21,1,0,0,0,0,0
"inauguratebranch",2,0,0,0,0,0,0
"inaugurateslan",1,0,0,0,0,0,0
"inc",1,1,0,0,0,0,0
"incap",1,0,0,0,0,0,0
"incognito",1,0,0,0,0,0,0
"incomprehens",1,0,0,0,0,0,0
"increas",1,1,0,0,0,0,0
"incumb",1,0,0,0,0,0,0
"ind",0,1,0,0,0,0,0
"indeedif",1,0,0,0,0,0,0
"india",34,14,0,1,1,0,0
"indiacongressrahul",1,0,0,0,0,0,0
"indiajac",2,0,0,0,0,0,0
"indian",46,0,1,0,0,1,0
"indiaquot",2,2,0,0,0,0,0
"indiasbi",11,0,0,0,0,0,0
"indiasouth",1,0,0,0,0,0,0
"indiatim",1,0,0,0,0,0,0
"indiawhich",1,0,0,0,0,0,0
"indira",2,0,0,0,0,0,0
"inelect",2,0,0,0,0,0,0
"inflat",0,0,0,1,0,0,0
"inflict",1,0,0,0,0,0,0
"infra",5,0,0,0,0,0,0
"infront",1,0,0,0,0,0,0
"injagan",1,0,0,0,0,0,0
"injur",2,0,0,0,0,0,0
"inmod",1,0,0,0,0,0,0
"innaugr",2,0,0,0,0,0,0
"innoc",0,1,0,0,0,0,0
"inspir",19,0,0,0,0,0,0
"instil",0,1,0,0,0,0,0
"intellig",2,0,0,0,0,0,0
"interact",1,1,0,0,0,0,0
"interest",0,1,0,0,0,0,0
"interim",1,0,0,0,0,0,0
"intern",1,0,0,0,0,0,0
"internet",0,0,1,0,0,0,0
"intervent",1,0,0,0,0,0,0
"interview",15,0,1,0,0,0,0
"interviewa",1,0,0,0,0,0,0
"into",11,0,0,0,0,0,0
"introduc",7,0,0,0,0,0,0
"invad",1,0,0,0,0,0,0
"involv",1,0,0,0,0,0,0
"isbpl",1,0,0,0,0,0,0
"ishar",1,0,0,0,0,0,0
"isnt",1,0,0,0,0,0,0
"issu",6,0,0,0,0,1,0
"issuesrahul",0,0,0,1,0,0,0
"isy",1,0,0,0,0,0,0
"itali",2,0,0,0,0,0,0
"italian",0,0,0,1,0,0,0
"itit",0,0,1,0,0,0,0
"itn",1,0,0,0,0,0,0
"itv",1,0,0,0,0,0,0
"jaanta",1,0,0,0,0,0,0
"jaay",1,0,0,0,0,0,0
"jackki",15,0,0,0,0,0,0
"jagan",9,0,0,1,0,0,0
"jai",0,1,0,0,0,0,0
"jail",4,0,0,0,0,0,0
"jaipal",1,0,0,0,0,0,0
"jais",4,0,0,0,0,0,0
"jaitelywhat",1,0,0,0,0,0,0
"jaitley",1,1,0,0,0,0,0
"jawan",2,0,0,0,0,0,0
"jdt",6,0,0,0,0,0,0
"jermain",4,0,0,0,0,0,0
"jethmalani",1,0,0,0,0,0,0
"jha",3,0,0,0,0,0,0
"jharkhandscolleg",0,1,0,0,0,0,0
"jhoot",1,0,0,0,0,0,0
"jiampkcr",0,1,0,0,0,0,0
"job",1,0,1,0,0,0,0
"jodeinquota",2,0,0,0,0,0,0
"joe",1,0,0,0,0,0,0
"johar",0,1,0,0,0,0,0
"john",183,4,2,1,0,0,0
"join",5,1,0,1,0,0,0
"joke",7,1,0,0,0,0,0
"joker",1,0,0,0,0,0,0
"joshi",1,0,0,0,0,0,0
"jsnav",551,48,15,14,2,5,0
"julius",2,0,0,0,0,0,0
"jump",0,0,0,0,0,0,1
"just",15,0,0,0,0,0,0
"justic",1,0,0,0,0,0,0
"justin",12,0,0,0,0,0,0
"kalavati",1,0,0,0,0,0,0
"kalmadi",3,0,2,0,0,0,0
"kandahargt",1,0,0,0,0,0,0
"kapoor",193,4,3,3,0,0,0
"karan",1,0,0,0,0,0,0
"kare",0,0,2,0,0,0,0
"kark",4,0,0,0,0,0,0
"karn",1,0,0,0,0,0,0
"karnataka",2,0,0,0,0,0,0
"kashmir",1,0,0,0,0,0,0
"kate",5,0,0,0,0,0,0
"kaun",2,0,0,0,0,0,0
"kedah",6,0,0,0,0,0,0
"keep",3,1,0,0,0,0,0
"kejriv",1,0,0,0,0,0,0
"kejriw",22,0,1,0,0,0,0
"kejriwa",0,1,0,0,0,0,0
"kejriwalh",1,0,0,0,0,0,0
"kerosen",1,0,0,0,0,0,0
"khan",199,4,0,1,0,0,0
"kick",1,0,0,0,0,0,0
"kiev",1,0,0,0,0,0,0
"kill",1,0,0,0,0,0,0
"killer",2,1,1,0,0,0,0
"kind",0,1,0,0,0,0,0
"kiran",1,0,1,0,0,0,0
"kiss",1,0,0,0,0,0,0
"knataka",1,0,0,0,0,0,0
"knew",1,0,0,0,0,0,0
"know",6,4,1,0,0,0,0
"knowledg",2,0,0,0,0,0,0
"koffe",1,0,0,0,0,0,0
"kolaveri",1,0,0,0,0,0,0
"krk",0,1,0,0,0,0,0
"kumar",8,0,1,0,1,0,0
"kumarquot",0,1,0,0,0,0,0
"kwk",0,1,0,0,0,0,0
"kya",1,0,0,0,0,0,0
"lab",2,0,0,0,0,0,0
"labradoodl",573,12,5,5,0,0,0
"ladi",2,0,1,0,0,0,0
"lagadapati",5,0,0,0,0,0,0
"lagadapatiquot",1,0,0,0,0,0,0
"lakshman",1,0,0,0,0,0,0
"land",0,1,0,0,0,0,0
"languish",1,0,0,0,0,0,0
"laptop",1,0,0,0,0,0,0
"larg",0,0,1,0,0,0,0
"last",4,0,0,0,0,0,0
"lastyear",1,0,0,0,0,0,0
"late",3,0,0,0,0,0,0
"latest",1,0,0,0,0,0,0
"latvia",2,0,0,0,0,0,0
"laugh",4,0,0,0,0,0,0
"launch",17,0,0,0,0,0,0
"law",0,1,0,0,0,0,0
"lay",3,0,0,0,0,0,0
"laya",1,0,0,0,0,0,0
"ldrs",0,0,0,0,0,0,1
"lead",1,1,0,0,0,0,0
"leader",14,9,0,0,0,0,0
"leadgtvisiongt",0,1,0,0,0,0,0
"leadr",0,1,0,0,0,0,0
"lean",2,0,0,0,0,0,0
"learn",1,0,0,0,0,0,0
"leav",1,0,0,0,0,0,0
"left",1,0,0,0,0,0,0
"leftrtquota",1,0,0,0,0,0,0
"legal",1,0,0,0,0,0,0
"leke",1,0,0,0,0,0,0
"leng",4,0,0,0,0,0,0
"leopoldo",6,0,0,0,0,0,0
"less",2,0,0,0,0,0,0
"lesser",0,1,0,0,0,0,0
"let",1,0,0,0,0,0,0
"letter",1,0,0,0,0,0,0
"level",0,1,0,0,0,0,0
"levi",1,0,0,0,0,0,0
"licens",7,0,0,0,0,0,0
"lie",2,0,0,0,0,0,0
"life",0,0,1,0,0,0,0
"lifewen",0,1,0,0,0,0,0
"lighter",0,0,0,1,0,0,0
"like",2,19,0,0,0,0,0
"link",1,1,0,0,0,0,0
"lior",1,0,0,0,0,0,0
"liquor",1,0,0,0,0,0,0
"listen",1,3,0,0,0,0,0
"littl",3,0,0,0,0,0,0
"live",0,3,0,0,0,0,0
"liveleak",1,0,0,0,0,0,0
"lizard",1,0,0,0,0,0,0
"lke",0,1,0,0,0,0,0
"loacutepez",6,0,0,0,0,0,0
"loan",0,1,0,0,0,0,0
"local",1,0,0,0,0,0,0
"lock",1,0,0,0,0,0,0
"log",1,0,0,0,0,0,0
"logic",2,0,0,0,0,0,0
"lok",24,4,0,0,0,0,0
"lokpal",0,1,0,0,0,0,0
"lokpali",1,0,0,0,0,0,0
"loksabha",6,0,0,0,0,0,0
"lol",6,1,0,0,0,0,0
"london",5,0,0,0,0,0,0
"long",1,0,0,0,0,0,0
"loogo",1,0,0,0,0,0,0
"look",1,2,0,0,0,0,0
"loss",1,0,0,0,0,0,0
"lost",1,0,0,0,0,0,0
"lover",1,0,0,0,0,0,0
"low",0,0,2,0,0,0,0
"loyal",0,1,0,0,0,0,0
"lstv",1,0,0,0,0,0,0
"ltutkarshgt",1,0,0,0,0,0,0
"luckey",2,0,0,0,0,0,0
"lucknow",1,0,0,0,0,0,0
"maa",0,1,0,0,0,0,0
"maam",1,0,0,0,0,0,0
"maaquot",0,1,0,0,0,0,0
"macha",1,0,0,0,0,0,0
"machin",1,0,0,0,0,0,0
"madam",1,0,0,0,0,0,0
"made",3,0,0,0,0,0,0
"mafiai",0,1,0,0,0,0,0
"magic",7,0,0,0,0,0,0
"mahanubhav",1,0,0,0,0,0,0
"mahatma",1,1,0,0,0,0,0
"mahavishnu",0,1,0,0,0,0,0
"majesti",2,0,0,0,0,0,0
"major",0,0,1,0,0,0,0
"make",11,2,0,0,0,0,0
"mallika",1,0,0,0,0,0,0
"mam",2,0,0,0,0,0,0
"mamta",0,1,0,0,0,0,0
"man",6,2,0,0,0,0,0
"mangn",1,0,0,0,0,0,0
"mani",4,0,0,0,0,0,0
"manmohan",1,0,0,0,0,0,0
"manrega",0,1,0,0,0,0,0
"mantra",4,0,0,0,0,0,0
"mark",1,0,0,0,0,0,0
"marri",3,1,0,0,0,0,0
"mass",4,0,0,0,0,0,0
"massiv",1,0,0,0,0,0,0
"mata",0,1,0,0,0,0,0
"match",2,0,0,0,0,0,0
"matter",7,0,0,1,0,0,0
"may",0,1,2,0,0,0,0
"mayawati",1,0,0,0,0,0,0
"mayb",1,0,0,0,0,0,0
"mba",0,1,0,0,0,0,0
"mcln",1,0,0,0,0,0,0
"mean",2,1,0,0,0,0,0
"meanwhilerahul",1,0,0,0,0,0,0
"medak",0,1,0,0,0,0,0
"medamamprahul",0,1,0,0,0,0,0
"media",2,1,0,0,0,0,0
"mediaa",1,0,0,0,0,0,0
"medic",0,0,1,0,0,0,0
"mediocrethat",0,1,0,0,0,0,0
"meet",2,2,1,0,0,0,0
"meira",0,0,0,0,1,0,0
"member",3,0,0,0,0,0,0
"memor",1,0,0,0,0,0,0
"men",0,0,1,0,0,0,0
"mention",1,0,0,0,0,0,0
"mentor",1,0,0,0,0,0,0
"mera",1,0,0,0,0,0,0
"merci",1,0,0,0,0,0,0
"meri",1,0,0,0,0,0,0
"mess",1,0,0,0,0,0,0
"messag",1,0,0,0,0,0,0
"messi",6,0,0,0,0,0,0
"messiah",1,0,0,0,0,0,0
"met",1,0,0,0,0,0,0
"microsoftsgt",0,1,0,0,0,0,0
"middl",0,0,1,0,0,0,1
"middlemen",0,0,1,0,0,0,0
"milavati",1,0,0,0,0,0,0
"militari",2,0,0,0,0,0,0
"milk",1,0,1,0,0,0,0
"million",4,1,0,0,0,0,0
"millionmenr",2,0,0,0,0,0,0
"mind",2,0,0,0,1,1,0
"mindho",1,0,0,0,0,0,0
"mindquotrahul",1,0,0,0,0,0,0
"mindrahul",5,0,0,0,0,0,0
"minist",4,0,0,0,0,0,0
"minus",1,0,0,0,0,0,0
"mirror",7,0,0,0,0,0,0
"mislead",2,0,0,0,0,0,0
"miss",2,0,0,0,0,0,0
"missiondr",0,0,0,1,0,0,0
"mistak",1,0,0,0,0,0,0
"mla",2,0,0,0,0,0,0
"mlas",0,1,0,0,0,0,0
"mms",1,0,0,0,0,0,0
"mockeri",0,0,0,0,1,0,0
"model",3,0,0,0,0,0,0
"modi",30,8,0,1,0,0,1
"mohan",1,0,0,0,0,0,0
"mohanganj",2,0,0,0,0,0,0
"moment",0,1,0,0,0,0,0
"mommi",0,0,0,1,0,0,0
"money",5,0,0,0,0,0,0
"moneygoi",0,1,0,0,0,0,0
"moneyquot",1,0,0,0,0,0,0
"monkey",1,0,0,0,0,0,0
"month",0,1,0,0,0,0,0
"moral",0,1,0,0,0,0,0
"more",24,5,0,1,0,0,0
"morelet",0,1,0,0,0,0,0
"morgan",1,0,0,0,0,0,0
"moron",0,1,1,0,0,0,0
"most",1,0,1,0,0,0,0
"mostpogo",1,0,0,0,0,0,0
"mother",0,1,0,0,0,0,0
"motiv",1,0,0,0,0,0,0
"mouth",1,0,1,0,0,0,0
"mouthh",1,0,0,0,0,0,0
"move",0,2,0,0,0,0,0
"movi",1,0,0,0,0,0,0
"mphil",1,0,0,0,0,0,0
"mpquot",1,0,0,0,0,0,0
"mps",0,0,1,0,0,0,0
"mpsupa",2,0,0,0,0,0,0
"mra",2,0,0,0,0,0,0
"mrobama",3,0,0,0,0,0,0
"mrrahulgandhi",1,0,0,0,0,0,0
"mrssoniya",0,1,0,0,0,0,0
"msg",0,4,0,0,0,0,0
"much",3,1,0,0,0,0,0
"mumbai",1,0,0,0,0,0,0
"murali",1,0,0,0,0,0,0
"murari",0,1,0,0,0,0,0
"murder",1,0,0,4,0,0,0
"muslim",3,0,0,0,0,0,0
"must",4,2,1,0,0,0,0
"mysor",2,0,0,0,0,0,0
"nahi",3,0,0,0,0,0,0
"nahin",1,0,0,0,0,0,0
"nai",1,0,0,0,0,0,0
"nair",0,0,0,1,0,0,0
"nalani",1,0,0,0,0,0,0
"nalini",1,0,0,0,0,0,0
"name",9,3,0,0,0,0,0
"namei",0,1,0,0,0,0,0
"namo",5,2,1,0,0,0,0
"narendra",13,3,0,0,0,0,0
"narendramodi",0,1,0,0,0,0,0
"narshimha",0,1,0,0,0,0,0
"nation",7,3,0,0,0,0,0
"naveen",0,1,0,0,0,0,0
"naver",3,0,0,0,0,0,0
"naxal",1,0,0,0,0,0,0
"ndtvpeac",1,0,0,0,0,0,0
"need",8,4,1,0,0,0,0
"neer",4,0,0,0,0,0,0
"neetiquot",1,0,0,0,0,0,0
"negat",1,0,0,0,0,0,0
"neither",1,0,0,0,0,0,0
"nervous",1,0,0,0,0,0,0
"netflix",2,0,0,0,0,0,0
"network",1,0,0,0,0,0,0
"never",3,0,1,0,0,0,0
"new",24,2,1,0,0,0,0
"news",3,1,0,0,0,0,0
"newsamethi",2,0,0,0,0,0,0
"newsra",1,0,0,0,0,0,0
"next",7,0,0,0,0,0,0
"ngo",1,0,0,0,0,0,0
"nice",0,0,0,0,0,0,1
"night",6,1,0,0,0,0,0
"nikal",4,0,0,0,0,0,0
"nilambur",0,0,0,1,0,0,0
"nine",12,0,0,0,0,0,0
"nirma",1,0,0,0,0,0,0
"nirman",0,0,0,1,0,0,0
"nirmanquot",2,0,0,0,0,0,0
"noe",1,0,0,0,0,0,0
"none",0,0,1,0,0,0,0
"nonexist",1,0,0,0,0,0,0
"nonpolit",1,0,0,0,0,0,0
"nonsens",1,0,0,0,0,0,0
"nor",1,0,0,0,0,0,0
"norahul",1,0,0,0,0,0,0
"north",1,0,0,0,0,0,0
"nosonia",1,0,0,0,0,0,0
"not",46,6,3,1,1,1,0
"note",0,0,0,1,0,0,0
"noth",2,0,0,0,0,0,0
"notic",2,0,1,0,0,0,0
"novmarch",1,0,0,0,0,0,0
"novmarchquot",1,0,0,0,0,0,0
"now",22,4,2,1,0,0,0
"nowadaysa",0,1,0,0,0,0,0
"nowher",1,0,0,0,0,0,0
"nowtaliban",2,0,0,0,0,0,0
"number",2,0,0,0,0,0,0
"obama",574,12,5,5,0,0,0
"occur",1,0,0,0,0,0,0
"odisha",0,1,0,0,0,0,0
"ofcror",7,0,0,0,0,0,0
"off",3,1,1,0,0,1,0
"offic",2,0,0,1,0,0,0
"officepl",1,0,0,0,0,0,0
"offici",2,0,0,0,0,0,0
"ofgt",0,1,0,0,0,0,0
"ofjanpath",1,0,0,0,0,0,0
"ohadiyor",6,0,0,0,0,0,0
"okay",1,0,0,0,0,0,0
"old",4,0,0,0,0,0,0
"older",1,0,0,0,0,0,0
"onc",6,0,0,0,0,0,0
"one",27,3,1,0,0,0,0
"onerank",2,0,0,0,0,0,0
"onli",4,2,0,0,0,0,0
"onlyif",0,1,0,0,0,0,0
"onnd",0,1,0,0,0,0,0
"onto",1,0,0,0,0,0,0
"opaqu",1,0,0,0,0,0,0
"open",6,1,0,0,0,0,0
"openbranch",1,0,0,0,0,0,0
"opinion",1,0,0,0,0,0,0
"opp",0,0,0,5,0,0,0
"opposit",0,4,0,0,0,0,0
"option",0,1,0,0,0,0,0
"order",2,0,1,0,0,0,0
"ordin",1,0,0,0,0,0,0
"other",4,1,1,0,0,0,0
"our",15,0,1,0,0,0,0
"out",7,2,0,0,0,0,0
"outdoor",1,0,0,0,0,0,0
"output",0,0,1,0,0,0,0
"outsid",5,0,0,0,0,0,0
"over",9,0,0,0,0,0,1
"overdu",1,0,0,0,0,0,0
"own",1,0,0,0,0,0,0
"oxymoron",1,0,0,0,0,0,0
"pack",2,0,0,0,0,0,0
"page",1,0,0,0,0,0,0
"pagliacci",7,0,0,0,0,0,0
"paid",9,0,0,0,0,0,0
"paidal",2,0,0,0,0,0,0
"pais",1,0,0,0,0,0,0
"panchayat",1,0,0,0,0,0,0
"panel",3,0,0,0,0,0,0
"pappu",1,1,0,0,0,0,0
"pappurahul",0,0,0,0,1,0,0
"paragon",0,0,0,1,0,0,0
"pardon",0,0,0,1,0,0,0
"parent",0,1,0,0,0,0,0
"park",1,0,0,0,0,0,0
"parl",0,1,0,0,0,0,0
"parliament",11,1,1,0,0,0,0
"parliamenti",1,0,0,0,0,0,0
"parol",2,0,0,0,0,0,0
"parrot",1,0,0,0,0,0,0
"part",2,0,0,0,0,0,0
"parti",12,1,1,0,0,0,0
"particip",0,1,0,0,0,0,0
"partnerquot",0,1,0,0,0,0,0
"partygreat",0,1,0,0,0,0,0
"pase",0,1,0,0,0,0,0
"pass",11,3,0,0,0,0,0
"passag",1,0,0,0,0,0,0
"passion",1,0,0,0,0,0,0
"past",1,1,0,0,0,0,0
"pastmonth",0,1,0,0,0,0,0
"pastmonthscongress",1,0,0,0,0,0,0
"path",1,0,0,0,0,0,0
"pathet",0,0,1,0,0,0,0
"patient",1,0,0,0,0,0,0
"patnaik",0,1,0,0,0,0,0
"pattern",0,0,0,0,0,0,1
"patti",1,0,0,0,0,0,0
"pay",20,0,0,0,0,0,0
"payertorahul",1,0,0,0,0,0,0
"pchidambaramya",1,0,0,0,0,0,0
"peac",3,0,0,0,0,0,0
"peak",1,0,0,0,0,0,0
"pean",1,0,0,0,0,0,0
"pedestrian",1,0,0,0,0,0,0
"peek",7,0,0,0,0,0,0
"peformac",1,0,0,0,0,0,0
"pehla",1,0,0,0,0,0,0
"penalti",1,0,0,0,0,0,0
"pend",1,0,0,0,0,0,0
"pension",4,1,0,0,0,0,0
"pensionswomen",1,0,0,0,0,0,0
"peoipl",0,1,0,0,0,0,0
"peopl",34,5,1,6,1,1,0
"peoplewa",1,0,0,0,0,0,0
"pepe",2,0,0,0,0,0,0
"per",0,0,0,0,1,0,0
"percent",1,0,0,0,0,0,0
"percentag",0,0,0,1,0,0,0
"perform",32,0,0,0,0,0,0
"performac",1,0,0,0,0,0,0
"persist",1,0,0,0,0,0,0
"person",2,0,0,1,0,0,0
"pet",238,4,0,5,0,0,0
"phds",0,1,0,0,0,0,0
"phone",2,1,0,0,0,0,0
"photoshoot",1,0,0,0,0,0,0
"phuke",3,0,0,0,0,0,0
"pic",0,1,0,0,0,0,0
"pick",1,0,0,0,0,0,0
"pilot",2,5,0,0,0,0,0
"pinkathon",1,0,0,0,0,0,0
"pinki",0,1,0,0,0,0,0
"pitch",30,0,0,0,0,0,0
"pitchesquit",2,0,0,0,0,0,0
"place",1,1,0,1,0,0,0
"plan",2,0,0,0,0,2,0
"plant",6,0,0,0,0,0,0
"plantstat",1,0,0,0,0,0,0
"play",2,1,1,0,0,0,0
"player",0,1,0,0,0,0,0
"pleas",0,7,0,0,0,0,0
"pls",1,0,0,1,0,0,0
"plz",1,0,0,0,0,0,0
"pmsaal",3,0,0,0,0,0,0
"pmship",1,0,0,0,0,0,0
"pogo",2,0,1,0,0,0,0
"poison",1,0,0,0,0,0,0
"polit",4,2,1,2,0,0,0
"politician",1,0,1,0,0,0,0
"politicsamp",1,0,0,0,0,0,0
"politicsin",1,0,0,0,0,0,0
"politicsquot",6,0,0,0,0,0,0
"politicsquotlagadapati",1,0,0,0,0,0,0
"politicsyogendra",1,0,0,0,0,0,0
"poll",4,1,0,0,0,0,0
"pon",3,0,0,0,0,0,0
"poor",0,0,1,0,0,0,0
"posit",1,0,0,0,1,0,0
"poster",2,1,0,0,0,0,0
"postpon",1,0,0,0,0,0,0
"povertyit",0,0,0,0,0,1,0
"power",0,1,0,0,0,0,0
"powera",1,0,0,0,0,0,0
"powerdr",3,0,0,0,0,0,0
"powerplay",1,0,0,0,0,0,0
"powerwield",1,0,0,0,0,0,0
"ppl",6,1,0,0,0,0,0
"practic",1,0,0,0,0,0,0
"pradesh",4,0,1,0,0,0,0
"pradeshquot",0,1,0,0,0,0,0
"prahlad",1,0,0,0,0,0,0
"prais",2,0,0,0,0,0,0
"preach",2,0,0,0,0,0,0
"preced",1,0,0,0,0,0,0
"prefer",1,1,0,0,0,0,0
"prefervt",0,1,0,0,0,0,0
"pregnant",1,0,0,0,0,0,0
"presid",10,0,0,0,0,0,0
"press",1,0,1,1,0,0,0
"pressur",1,0,0,0,0,0,0
"pretti",1,0,0,0,0,0,0
"prettylink",1019,95,27,20,7,10,1
"price",1,0,0,0,0,0,0
"prime",2,0,0,0,0,0,0
"princ",1,0,0,0,0,0,0
"prison",1,0,0,0,0,0,0
"privat",0,0,0,1,0,0,0
"privileg",1,0,0,0,0,0,0
"probabl",1,0,0,0,0,0,0
"problem",7,1,0,0,0,0,0
"problemsi",1,0,0,0,0,0,0
"process",1,0,0,0,0,0,0
"profil",1,0,0,0,0,0,0
"program",1,0,0,0,0,0,0
"programm",1,0,0,0,0,0,0
"progress",1,0,0,0,0,0,0
"project",1,0,0,0,0,0,0
"promis",2,0,0,0,0,0,0
"promisew",1,0,0,0,0,0,0
"proof",1,0,0,0,0,0,0
"propag",0,0,0,0,0,1,0
"propos",1,0,0,0,0,0,0
"prorss",2,0,0,0,0,0,0
"protest",1,0,0,0,0,0,0
"proud",0,3,0,0,0,0,0
"prove",2,0,0,0,0,0,0
"provid",1,0,0,0,0,0,0
"provis",1,0,0,0,0,0,0
"pseudonym",0,2,0,0,0,0,0
"public",2,0,1,0,0,0,0
"pull",3,0,0,0,0,0,0
"punish",1,0,0,0,0,0,0
"push",0,1,0,0,0,0,0
"put",2,0,0,0,0,0,0
"putra",1,0,0,0,0,0,0
"qualiti",1,0,0,0,0,0,0
"question",13,3,0,0,0,0,0
"quick",1,0,0,0,0,0,0
"quit",16,0,0,0,1,0,0
"quot",5,0,0,0,0,0,0
"quota",12,1,0,0,0,0,0
"quotakshay",0,1,0,0,0,0,0
"quotbhaiyo",1,0,0,0,0,0,0
"quotbharat",2,0,0,0,0,0,0
"quotc",0,1,0,0,0,0,0
"quotchai",1,0,0,0,0,0,0
"quotchala",0,1,0,0,0,0,0
"quotdear",1,0,0,0,0,0,0
"quotdevil",1,0,0,0,0,0,0
"quotempow",1,0,0,0,0,0,0
"quotgujarat",0,1,0,0,0,0,0
"quoti",11,1,0,0,0,0,0
"quotiam",5,0,0,0,0,0,0
"quotindian",1,0,0,0,0,0,0
"quotitalian",1,0,0,0,0,0,0
"quotkaaj",1,0,0,0,0,0,0
"quotmeri",0,1,0,0,0,0,0
"quotnext",0,1,0,0,0,0,0
"quotno",0,1,0,0,0,0,0
"quotnonsensequot",1,0,0,0,0,0,0
"quotnow",1,0,0,0,0,0,0
"quotoh",1,0,0,0,0,0,0
"quotp",0,1,0,0,0,0,0
"quotpap",1,0,0,0,0,0,0
"quotragda",1,0,0,0,0,0,0
"quotrahul",4,1,0,0,0,0,0
"quotraul",2,0,0,0,0,0,0
"quottanisha",1,0,0,0,0,0,0
"quotthanx",1,0,0,0,0,0,0
"quotthi",1,0,0,0,0,0,0
"quottodey",2,0,0,0,0,0,0
"quottu",1,0,0,0,0,0,0
"quottwo",1,0,0,0,0,0,0
"quotw",10,0,0,0,0,0,0
"quotwho",1,0,0,0,0,0,0
"quotwomen",1,0,0,0,0,0,0
"race",2,0,0,0,0,0,0
"radio",5,0,0,0,0,0,0
"raga",8,0,0,0,0,0,0
"rahatoltuumlrkiyem",1,0,0,0,0,0,0
"rahul",1004,65,20,14,6,4,2
"rahulgandhi",3,1,0,0,0,0,0
"rahulgandhihello",2,0,0,0,0,0,0
"rahulquoti",1,0,0,0,0,0,0
"rahultim",3,0,0,0,0,0,0
"rail",3,0,0,0,0,0,0
"railneer",1,0,0,0,0,0,0
"railway",1,0,0,0,0,0,0
"rais",2,0,0,0,0,0,0
"raj",1,0,0,0,0,0,0
"rajdeep",1,0,0,0,0,0,0
"rajiv",15,0,1,1,0,0,0
"rajneeti",1,0,0,0,0,0,0
"rajput",1,0,0,0,0,0,0
"rajya",1,0,0,0,0,0,0
"ralli",39,2,3,3,0,1,0
"ralliesbut",1,0,0,0,0,0,0
"rallya",1,0,0,0,0,0,0
"rallyroad",1,0,0,0,0,0,0
"ram",2,0,0,0,0,0,0
"ranbir",191,4,3,3,0,0,0
"randl",2,0,0,0,0,0,0
"rank",0,1,0,0,0,0,0
"rankon",2,0,0,0,0,0,0
"rao",0,1,0,0,0,0,0
"raoquot",0,1,0,0,0,0,0
"rape",0,0,0,1,0,0,0
"rat",1,0,0,0,0,0,0
"rate",0,0,1,0,0,0,0
"rather",1,0,0,0,0,0,0
"ration",1,0,0,0,0,0,0
"raul",5,1,0,0,0,1,0
"rcp",1,0,0,0,0,0,0
"read",3,1,0,0,0,0,0
"readi",1,1,1,0,0,0,0
"real",2,0,0,0,0,0,0
"realli",6,0,0,0,0,0,0
"reason",2,0,0,0,0,0,0
"recal",1,0,0,0,0,0,0
"recent",0,0,0,1,0,0,0
"recit",1,0,0,0,0,0,0
"recommend",1,0,0,0,0,0,0
"record",1,3,1,0,0,0,0
"reddi",3,1,0,0,0,0,0
"rediff",1,0,0,0,0,0,0
"reduc",1,0,0,0,0,0,0
"refer",2,0,0,0,0,0,0
"refus",1,0,0,0,0,0,0
"region",1,0,0,0,0,0,0
"rekha",1,0,0,0,0,0,0
"relationship",5,0,0,0,0,0,0
"releas",4,0,0,0,0,0,0
"releaseof",1,0,0,0,0,0,0
"relianc",0,1,0,0,0,0,0
"religarereli",2,0,0,0,0,0,0
"relnofollow",119,12,0,2,0,0,0
"remain",1,0,0,0,0,0,0
"rememb",2,0,0,0,0,0,0
"remind",1,0,0,0,0,0,0
"remov",8,0,0,0,0,0,0
"renam",12,0,0,0,0,0,0
"repeat",0,0,0,0,0,0,1
"replac",1,0,0,0,0,0,0
"repli",8,0,0,0,0,0,0
"report",1,0,0,0,0,0,0
"repres",4,1,0,0,0,0,0
"request",0,0,1,0,0,0,0
"requir",1,0,0,0,0,0,0
"reschedul",1,0,0,0,0,0,0
"resembl",1,0,0,0,0,0,0
"reserv",2,0,0,0,0,0,0
"resign",10,0,0,0,0,0,0
"resolv",0,1,0,0,0,0,0
"respect",0,4,0,0,0,0,1
"result",1,0,0,0,0,0,0
"resultsquot",1,0,0,0,0,0,0
"reus",1,0,0,0,0,0,0
"reveal",0,0,1,0,0,0,0
"review",1,0,0,0,0,0,0
"revok",1,0,0,0,0,0,0
"right",3,1,0,0,0,0,0
"ril",0,1,0,0,0,0,0
"rise",5,0,0,0,0,0,0
"road",4,0,1,0,0,0,0
"roadshow",1,0,0,0,0,0,0
"roam",1,0,0,0,0,0,0
"rock",0,0,0,1,0,0,0
"rofl",3,0,0,0,0,0,0
"roflrt",1,0,0,0,0,0,0
"role",0,1,0,0,0,0,0
"roletushar",1,0,0,0,0,0,0
"rome",1,0,0,0,0,0,0
"root",2,0,0,0,0,0,0
"rose",2,0,0,0,0,0,0
"rss",1,0,0,0,0,0,0
"rta",2,0,0,0,0,0,0
"rti",7,3,0,1,0,1,0
"rtihowbi",1,0,0,0,0,0,0
"rtii",1,0,0,0,0,0,0
"rtquota",3,0,0,0,0,0,0
"ruin",1,0,0,0,0,0,0
"rukh",199,4,0,1,0,0,0
"rule",0,0,0,1,0,0,0
"rumor",0,0,1,0,0,0,0
"run",1,1,1,0,0,0,0
"rupe",1,0,0,0,0,0,0
"rush",0,1,0,0,0,0,0
"saal",1,0,0,0,0,0,0
"saath",0,0,1,0,0,0,0
"sabh",1,0,0,0,0,0,0
"sabha",23,4,0,0,0,0,0
"sabhaa",1,0,0,0,0,0,0
"sad",0,0,1,0,0,1,0
"sadden",4,0,0,0,0,0,0
"saffron",1,0,0,0,0,0,0
"said",6,4,0,0,0,0,0
"samaj",0,0,0,0,1,0,0
"same",18,2,0,0,0,0,0
"samsung",9,0,0,0,0,0,0
"samsunga",1,0,0,0,0,0,0
"sand",0,1,0,0,0,0,0
"sang",1,0,0,0,0,0,0
"sangathan",0,1,0,0,0,0,0
"sanit",0,1,0,0,0,0,0
"sanjay",4,0,0,0,0,0,0
"sarai",5,0,0,0,0,0,0
"saturday",1,0,0,0,0,0,0
"save",1,0,0,0,0,0,0
"say",18,1,0,2,0,0,0
"saytact",1,0,0,0,0,0,0
"sbaamaadmipartyba",2,1,0,0,0,0,0
"sbaapba",2,1,0,0,0,0,0
"sbaapchorhainba",1,0,0,0,0,0,0
"sbaapconba",1,0,0,0,0,0,0
"sbaapmumbaiba",0,0,0,0,1,0,0
"sbaaptivistba",1,0,0,0,0,0,0
"sbaapyogendraba",2,0,0,0,0,0,0
"sbaapyogendrabaelect",1,0,0,0,0,0,0
"sbaapyogendrainmhba",1,0,0,0,1,0,0
"sbabeshinzoba",5,0,0,0,0,0,0
"sbabhijitmajumderba",0,0,0,1,0,0,0
"sbabhinandansekhrba",0,1,0,0,0,0,0
"sbabhisarsharmaba",1,0,0,0,0,0,0
"sbabhishekmba",1,0,0,0,0,0,0
"sbaditityagiba",1,0,0,0,0,0,0
"sbaiccba",5,0,0,0,0,0,0
"sbajaybaralaba",1,0,0,0,0,0,0
"sbaksoodba",1,0,0,0,0,0,0
"sballiwannadoba",2,0,0,0,0,0,0
"sbameeshapatelba",1,0,0,0,0,0,0
"sbamethiba",7,1,0,0,0,0,0
"sbamitsrba",0,1,0,0,0,0,0
"sbammaba",0,1,0,0,0,0,0
"sbaninewsba",6,0,0,0,0,0,0
"sbannoyedba",0,0,1,0,0,0,0
"sbanupampkherba",1,0,0,0,0,0,0
"sbarangarajanba",1,0,0,0,0,0,0
"sbaranmulaba",1,0,0,0,0,0,0
"sbariafindsoutba",2,0,0,0,0,0,0
"sbarianatorsstandabovehateba",4,0,0,0,0,0,0
"sbarnabvsrahulba",1,0,0,0,0,0,0
"sbarunjaitleyba",1,1,0,0,0,0,0
"sbarvindkejriwalba",6,0,0,0,0,0,0
"sbashishjournoba",1,0,0,0,0,0,0
"sbashutoshbba",1,0,0,0,0,0,0
"sbashwinramaswamyba",3,0,0,0,0,0,0
"sbashwinskumarba",1,0,0,0,0,0,0
"sbaskrajdeepba",1,0,0,0,0,0,0
"sbauthackerayba",1,0,0,0,0,0,0
"sbba",2,0,0,0,0,0,0
"sbbacheloretteba",0,1,0,0,0,0,0
"sbbadpritba",0,1,0,0,0,0,0
"sbbarackobamaba",5,0,0,0,0,0,0
"sbbarcavscityba",1,0,0,0,0,0,0
"sbbawliboochba",1,0,0,0,0,0,0
"sbbbacoz",1,0,0,0,0,0,0
"sbbbcnewsba",1,0,0,0,0,0,0
"sbbduttba",2,0,0,0,0,0,0
"sbbewithrgba",2,0,0,0,0,0,0
"sbbhaksalaba",1,0,0,0,0,0,0
"sbbharatnirmanba",1,0,0,0,0,0,0
"sbbhaskarnewsba",1,0,0,0,0,0,0
"sbbhupendrachaubeba",1,0,0,0,0,0,0
"sbbigmistakeba",1,0,0,0,0,0,0
"sbbilaljba",1,0,0,0,0,0,0
"sbbjpba",2,2,0,0,0,1,0
"sbbjpindiaba",5,2,0,0,0,0,0
"sbbollywoodbajackki",1,0,0,0,0,0,0
"sbbolshoyboozeba",1,0,0,0,0,0,0
"sbbombaytimesba",1,0,0,0,0,0,0
"sbbreakingbaa",1,0,0,0,0,0,0
"sbcalamurba",1,1,0,0,0,0,0
"sbcambridgeba",1,0,0,0,0,0,0
"sbcampaignba",1,0,0,0,0,0,0
"sbcbnba",1,0,0,0,0,0,0
"sbcenavscesaroba",1,0,0,0,0,0,0
"sbcenterofrightba",0,0,1,0,0,0,0
"sbcharakanba",1,0,0,0,0,0,0
"sbchedegaardeuba",29,0,0,0,0,0,0
"sbchetanbhagatba",0,1,0,0,0,0,0
"sbchiranjeeviba",2,1,0,0,0,0,0
"sbchouhanshivrajba",1,0,0,0,0,0,0
"sbcomedynightswithkapilba",1,0,0,0,0,0,0
"sbcongressba",18,2,0,1,0,1,0
"sbcongressfansba",1,0,0,0,0,0,0
"sbcongressmukhbharatba",1,0,0,0,0,0,0
"sbcongressmuktbharatba",1,0,1,0,0,0,0
"sbcongresstardsba",0,0,0,1,0,0,0
"sbcoolestintervieweverba",2,0,0,0,0,0,0
"sbcoolfunnytshirtba",0,0,0,1,0,0,0
"sbcricketba",1,0,0,0,0,0,0
"sbcumannanyaaaba",5,0,0,0,0,0,0
"sbcumasimsimiba",3,0,0,0,0,0,0
"sbdainikjagranba",1,0,0,0,0,0,0
"sbdeependershoodaba",2,0,0,0,0,0,0
"sbdeeptisachdevaba",2,0,0,0,0,0,0
"sbdelhiba",0,0,0,1,0,0,0
"sbdeshgujaratba",1,0,0,0,0,0,0
"sbdhingravivekba",1,0,0,0,0,0,0
"sbdhirajvermaba",1,0,0,0,0,0,0
"sbdibangba",1,0,0,0,0,0,0
"sbdidiba",0,1,0,0,0,0,0
"sbdigitalinsightsba",1,0,0,0,0,0,0
"sbdigvijayaba",4,0,1,0,0,0,0
"sbdineshghodkeba",1,0,0,0,0,0,0
"sbdiscoveryoftheyearba",1,0,0,0,0,0,0
"sbdivyaspandanaba",2,0,0,0,1,0,0
"sbdivyaspandanabacan",0,1,0,0,0,0,0
"sbdixitnamrataba",1,0,0,0,0,0,0
"sbdkleoba",1,0,0,0,0,0,0
"sbdkprabhuba",1,0,0,0,0,0,0
"sbdnaba",2,0,0,0,0,0,0
"sbdoctoratlargeba",4,0,0,0,0,0,0
"sbdramanamoba",2,1,0,0,0,0,0
"sbdrgarekarba",1,0,0,0,0,0,0
"sbdrharshvardhanba",1,0,0,0,0,0,0
"sbdrkumarvishwasba",1,0,0,0,0,1,0
"sbdrrutvijba",1,0,0,0,0,0,0
"sbdumbba",1,0,0,0,0,0,0
"sbeastindiacomedyba",1,0,0,0,0,0,0
"sbeconomictimesba",1,0,0,0,0,0,0
"sbeducationba",1,0,0,0,0,0,0
"sbelectionba",1,0,0,0,0,0,0
"sbelectionsba",1,0,0,0,0,0,0
"sbempresssoniabah",1,0,0,0,0,0,0
"sbentertainmentba",1,0,0,0,0,0,0
"sbentertainmenttaxba",1,0,0,0,0,0,0
"sbeucouncilpressba",27,0,0,0,0,0,0
"sbeueeasba",28,0,0,0,0,0,0
"sbeuropeanunionba",30,0,0,0,0,0,0
"sbfacepalmba",1,0,0,0,0,0,0
"sbfakejournoba",1,0,0,0,0,0,0
"sbfancallsrdba",1,0,0,0,0,0,0
"sbfaredba",2,0,0,0,0,0,0
"sbfaujdardevba",0,1,0,0,0,0,0
"sbfedexchatba",3,0,0,0,0,0,0
"sbfirstpostinba",3,0,0,0,0,0,0
"sbfmradioba",4,0,0,0,0,0,0
"sbfriendsofrahulba",1,0,0,0,0,0,0
"sbfrstba",1,0,0,0,0,0,0
"sbfuckcongressba",0,1,0,0,0,0,0
"sbgabbbarsinghba",1,0,0,0,0,0,0
"sbgandhiba",6,4,0,0,0,0,0
"sbgappistanradioba",1,0,0,0,0,0,0
"sbgbsomewhereinmypastba",3,0,0,0,0,0,0
"sbghettofamilyfeudba",1,0,0,0,0,0,0
"sbgioneewitheminemba",2,0,0,0,0,0,0
"sbgirishgoaba",1,0,0,0,0,0,0
"sbgjspeaksba",1,0,0,0,0,0,0
"sbglitchba",1,0,0,0,0,0,0
"sbgopalarvindba",1,0,0,0,0,0,0
"sbgpccba",5,0,0,0,0,0,0
"sbgsuryaba",1,0,0,0,0,0,0
"sbgujaratpradeshcongressba",5,0,0,0,0,0,0
"sbhapimoniba",2,0,0,0,0,0,0
"sbharbingeroflustba",1,0,0,0,0,0,0
"sbhcltechba",1,0,0,0,0,0,0
"sbhdlba",2,0,0,0,0,0,0
"sbhdldelhiba",0,3,0,0,0,0,0
"sbhdlindiaba",0,3,0,0,0,0,0
"sbhdlwarriorba",0,2,0,0,0,0,0
"sbhelpba",0,1,0,0,0,0,0
"sbhowridiculousba",1,0,0,0,0,0,0
"sbhttweetsba",3,1,0,0,0,0,0
"sbi",5,0,0,0,0,0,0
"sbibnliveba",2,0,0,0,0,1,0
"sbiheartmnyba",5,0,0,0,0,0,0
"sbikaveriba",1,0,0,0,0,0,0
"sbilazyladba",1,0,0,0,0,0,0
"sbimauzziechopraba",1,0,0,0,0,0,0
"sbimpunitba",1,0,0,0,0,0,0
"sbincba",8,3,0,0,0,0,0
"sbincindiaba",5,1,1,0,0,0,0
"sbincleaderba",5,0,0,0,0,0,0
"sbincsupporterba",1,0,0,0,0,0,0
"sbindiaba",5,0,1,0,0,0,0
"sbindianpoliticsba",0,1,0,0,0,0,0
"sbindiatodayba",1,0,0,0,0,0,1
"sbindvsnzba",4,0,0,0,0,0,0
"sbinsanenationba",1,0,0,0,0,0,0
"sbinterviewba",0,1,0,0,0,0,0
"sbirbmba",1,0,0,0,0,0,0
"sbisteeba",0,0,1,0,0,0,0
"sbitssheldonghba",1,0,0,0,0,0,0
"sbjaganba",1,0,0,0,0,0,0
"sbjaihoba",1,0,0,0,0,0,0
"sbjeminpba",0,0,1,0,0,0,0
"sbjhasanjayba",3,1,0,0,0,0,0
"sbjhunjhunwalaba",2,0,0,0,0,0,0
"sbjimmyfallonba",3,0,0,0,0,0,0
"sbjokeba",1,0,0,0,0,0,0
"sbjusticearnabba",1,0,0,0,0,0,0
"sbjustsayingba",1,0,0,0,0,0,0
"sbjyotiprasadboraba",1,0,0,0,0,0,0
"sbkamaalrkhanba",1,0,0,0,0,0,0
"sbkapilsharmaba",1,0,0,0,0,0,0
"sbkaushikrgba",0,0,0,1,0,0,0
"sbkejriwalba",5,1,0,0,0,0,0
"sbkejriwalsba",1,0,0,0,0,0,0
"sbkeralaba",1,0,0,1,0,0,0
"sbkindleba",7,0,0,0,0,0,0
"sbkiranbediba",1,0,0,0,0,0,0
"sbkkrba",1,0,0,0,0,0,0
"sbkrupakarmba",1,0,0,0,0,0,0
"sbksgbestasadba",4,0,0,0,0,0,0
"sbkumarvishwasba",1,0,0,0,0,0,0
"sbkunalmajumderba",1,0,0,0,0,0,0
"sbleonafanoftheweekba",4,0,0,0,0,0,0
"sbliarkejriwalba",3,0,0,0,0,0,0
"sbliarnamoba",6,0,0,0,0,0,0
"sbloksabhaba",1,0,0,0,0,0,0
"sbloksabhaelectionba",1,0,0,0,0,0,0
"sbloksabhatvba",0,0,1,0,0,0,0
"sblsblackoutba",0,0,1,0,0,0,0
"sblsblackoutbaquot",1,0,0,0,0,0,0
"sblyncconfba",11,0,0,0,0,0,0
"sbmadversityba",3,0,0,0,0,0,0
"sbmahatmakillingba",1,0,0,0,0,0,0
"sbmalikashokba",1,0,0,0,0,0,0
"sbmalviyamitba",1,0,0,0,0,0,0
"sbmanikgupba",1,0,0,0,0,0,0
"sbmasterlockcaresba",9,0,0,0,0,0,0
"sbmaulinshahba",1,0,0,0,0,0,0
"sbmediacrooksba",1,0,1,0,0,0,0
"sbmediafedba",1,0,0,0,0,0,0
"sbmihirssharmaba",1,0,0,0,0,0,0
"sbmilinddeoraba",1,0,0,0,0,0,0
"sbmilindmattersba",1,0,0,0,0,0,0
"sbmindlessba",1,0,0,0,0,0,0
"sbmlekhiba",1,0,0,0,0,0,0
"sbmoadirallytaxba",1,0,0,0,0,0,0
"sbmodiba",5,2,0,0,0,1,0
"sbmodibacough",1,0,0,0,0,0,0
"sbmodifiedba",0,0,1,0,0,0,0
"sbmodirallytaxbawhi",1,0,0,0,0,0,0
"sbmonsantoba",1,0,0,0,0,0,0
"sbmumbaiba",1,0,0,0,0,0,0
"sbmurderba",0,0,0,1,0,0,0
"sbmuslimba",1,0,0,0,0,0,0
"sbmyavysionba",2,0,0,0,0,0,0
"sbmyselfsmkba",1,0,0,0,0,0,0
"sbnammanamoba",0,0,0,3,0,0,0
"sbnamoba",1,1,0,0,0,1,0
"sbnamoinkarba",15,0,0,0,0,0,0
"sbnanditathhakurba",2,0,0,0,0,0,0
"sbnanoradioba",3,0,0,0,0,0,0
"sbnarendramodiba",8,5,1,0,0,0,0
"sbnbareg",0,1,0,0,0,0,0
"sbndtvba",3,1,0,0,0,0,0
"sbnehaaksba",1,0,0,0,0,0,0
"sbnewsba",3,0,0,0,0,0,0
"sbnewzsocialba",1,0,0,0,0,0,0
"sbnistulaba",1,0,0,0,0,0,0
"sbnotthatmpba",1,0,0,0,0,0,0
"sbnowwatchingba",1,0,0,0,0,0,0
"sbnsitharamanba",0,1,0,0,0,0,0
"sbnviswamba",1,0,0,0,0,0,0
"sbnzvindba",2,0,0,0,0,0,0
"sbnzvsindba",3,0,0,0,0,0,0
"sboomfba",4,0,0,0,0,0,0
"sbotvnewsba",0,1,0,0,0,0,0
"sboumllecekolsamsonsoumlzuumlmba",7,0,0,0,0,0,0
"sbpaidmediaba",1,0,0,0,0,0,0
"sbpandajayba",0,1,0,0,0,0,0
"sbpappuba",4,1,0,0,0,0,0
"sbpappubarahul",2,0,0,0,0,0,0
"sbparrikarba",1,0,0,0,0,0,0
"sbparulbajajba",1,0,0,0,0,0,0
"sbpathanasmakhanba",1,0,0,0,0,0,0
"sbpawankheraba",3,0,0,0,0,0,0
"sbphotogalleryba",1,0,0,0,0,0,0
"sbpleasertba",1,0,0,0,0,0,0
"sbpllba",1,0,0,0,0,0,0
"sbpllchatba",3,0,0,0,0,0,0
"sbpmoindiaba",1,0,0,0,0,0,0
"sbpoliticsbawil",1,0,0,0,0,0,0
"sbpollsba",0,1,0,0,0,0,0
"sbporunmundoba",3,0,0,0,0,0,0
"sbpowerplayba",1,0,0,0,0,0,0
"sbprabhuchawlaba",0,1,0,0,0,0,0
"sbprakaashgurjarba",1,0,0,0,0,0,0
"sbpranabmukherjiba",5,0,0,0,0,0,0
"sbpranavkaleba",1,0,0,0,0,0,0
"sbpressplayvaba",4,0,0,0,0,0,0
"sbpriyankaba",1,0,0,0,0,0,0
"sbquizderekba",0,1,0,0,0,0,0
"sbrachitsethba",2,0,0,0,0,0,0
"sbragaba",5,0,0,0,0,0,0
"sbrahulba",11,4,0,0,0,1,0
"sbrahulgandhiba",61,11,8,4,1,0,0
"sbrahulgandhibaeveryon",0,1,0,0,0,0,0
"sbrahulgandhibagt",1,0,0,0,0,0,0
"sbrahulgandhibai",1,0,0,0,0,0,0
"sbrahulgandhibaquot",1,0,0,0,0,0,0
"sbrahulgandhibasham",1,0,0,0,0,0,0
"sbrahulkanwalba",2,1,0,0,0,0,0
"sbrahulroushanba",0,1,0,0,0,0,0
"sbrajeshkamalba",1,0,0,0,0,0,0
"sbrajeshvenkyba",1,0,0,0,0,0,0
"sbrajivgandhiba",1,0,1,0,0,0,0
"sbrameshsrivatsba",0,1,0,0,0,0,0
"sbrapeba",0,0,0,1,0,0,0
"sbrashminpba",1,0,0,0,0,0,0
"sbratchetjeopardyba",2,0,0,0,0,0,0
"sbravishankarbjpba",1,0,0,0,0,0,0
"sbrcfalduba",1,0,0,0,0,0,0
"sbrealistindianba",1,0,0,0,0,0,0
"sbrealityba",2,0,0,0,0,0,0
"sbrebeldeba",1,0,0,0,0,0,0
"sbrevieweroba",1,0,0,0,0,0,0
"sbrgandhiofficialba",1,0,0,0,0,0,0
"sbrgeduba",6,1,0,0,0,0,0
"sbrgvzoominba",0,1,1,0,0,0,0
"sbripdemocrocyba",1,0,0,0,0,0,0
"sbrjtejaljaniba",1,0,0,0,0,0,0
"sbrmithyanthaba",0,0,0,0,1,0,0
"sbroflgandhiba",1,0,0,0,0,0,0
"sbroshansba",1,0,0,0,0,0,0
"sbrtiba",1,0,0,0,0,0,0
"sbrubikaliyaquatba",1,0,0,0,0,0,0
"sbrvaidyaba",0,0,0,0,1,0,0
"sbrvkrishba",2,0,0,0,0,0,0
"sbrvsba",1,0,0,0,0,0,0
"sbsachinrtba",1,0,0,0,0,0,0
"sbsahebba",1,0,0,0,0,0,0
"sbsailingwithengageba",7,0,0,0,0,0,0
"sbsalmanjgdba",1,0,0,0,0,0,0
"sbsalmansozba",1,0,0,0,1,0,0
"sbsambitswarajba",1,0,0,0,0,0,0
"sbsandyjordanba",1,0,0,0,0,0,0
"sbsanjayduttba",2,0,0,0,0,0,0
"sbsanjayroxalwysba",0,1,0,0,0,0,0
"sbsanthuba",1,0,0,0,0,0,0
"sbsardesairajdeepba",3,0,0,0,0,1,0
"sbsbiba",2,0,0,0,0,0,0
"sbsbiconnexba",1,0,0,0,0,0,0
"sbseriousquestionba",1,0,0,0,0,0,0
"sbservicetaxba",1,0,0,0,0,0,0
"sbservicetaxonmodirallyba",2,0,0,0,0,0,0
"sbservicetaxonmodirallybaquot",1,0,0,0,0,0,0
"sbshaaneavadhba",2,0,0,0,0,0,0
"sbshahidlaba",1,0,0,0,0,0,0
"sbshahnawazbjpba",1,0,0,0,0,0,0
"sbshameba",2,0,0,0,0,0,0
"sbshamefulblackoutba",1,0,0,0,0,0,0
"sbshamelessba",1,0,0,0,0,0,0
"sbsharanvjba",1,0,0,0,0,0,0
"sbshashitharoorba",0,0,0,1,0,0,0
"sbshazzerba",1,0,0,0,0,0,0
"sbshilpitewariba",1,0,0,0,0,0,0
"sbsimbleeba",0,1,0,0,0,0,0
"sbsinhamukulba",2,0,0,0,0,0,0
"sbsirasriba",0,1,1,0,0,0,0
"sbsirjadejaba",1,0,0,0,0,0,0
"sbsjacobtalkba",1,0,0,0,0,0,0
"sbsmwnycba",6,0,0,0,0,0,0
"sbsnoopingba",1,0,0,0,0,0,0
"sbsnowdayba",5,0,0,0,0,0,0
"sbsochiba",4,0,0,0,0,0,0
"sbsocialmediaba",2,0,0,0,0,0,0
"sbsocialscattererbafrom",1,0,0,0,0,0,0
"sbsoldiersba",1,0,0,0,0,0,0
"sbsoniaba",1,0,0,0,0,0,0
"sbsoniagandhibaa",1,0,0,0,0,0,0
"sbsonigandhiba",0,0,1,0,0,0,0
"sbsoscometofloridaba",4,0,0,0,0,0,0
"sbspencertellsba",5,0,0,0,0,0,0
"sbsreehariba",1,0,0,0,0,0,0
"sbsreevathssba",1,0,0,0,0,0,0
"sbsrivatsaybba",2,0,0,0,0,0,0
"sbstalkingba",1,0,0,0,0,0,0
"sbstanniversarynotersba",4,0,0,0,0,0,0
"sbstarsstripesandmaplesyrupba",2,0,0,0,0,0,0
"sbstrtlkba",0,1,0,0,0,0,0
"sbsuhasinihba",1,0,0,0,0,0,0
"sbsuhelsethba",1,0,0,0,0,0,0
"sbsumitsaurabhba",0,0,1,0,0,0,0
"sbsunainaachadhaba",1,0,0,0,0,0,0
"sbsunetracba",1,0,0,0,0,0,0
"sbsuniljaniba",1,0,0,0,0,0,0
"sbsuperwomantomumbaiba",11,0,0,0,0,0,0
"sbsuryaba",1,0,0,0,0,0,0
"sbsuryarayba",3,0,0,0,0,0,0
"sbsushmaswarajbjpba",6,0,0,0,0,0,0
"sbswamyba",6,3,0,1,0,0,0
"sbswspotba",2,0,0,0,0,0,0
"sbtajinderbaggaba",1,0,0,0,0,0,0
"sbtamilnaduba",0,0,0,1,0,0,0
"sbtanviiba",0,1,0,0,0,0,0
"sbtaxingnamorallyba",1,0,0,0,0,0,0
"sbtelanganaba",10,0,0,0,0,1,0
"sbtelanganabillba",3,0,0,0,0,0,0
"sbtelanganabillblackoutba",1,0,0,0,0,0,0
"sbtelecomba",1,0,0,0,0,0,0
"sbtelenganaba",2,0,0,0,0,0,0
"sbtelenganabillbawht",1,0,0,0,0,0,0
"sbtelenganablackoutinparliamentba",1,0,0,0,0,0,0
"sbthebakramanba",1,0,0,0,0,0,0
"sbthefraudmalluba",1,0,0,0,0,0,0
"sbthemastermentalistba",1,0,0,0,0,0,0
"sbthenewshourba",1,0,0,0,0,0,0
"sbtherahulmahajanba",1,0,0,0,0,0,0
"sbthetanmayba",2,0,0,0,0,0,0
"sbtimesnowba",10,1,1,0,0,1,0
"sbtnba",1,0,0,0,0,0,0
"sbtoiba",1,0,0,0,0,0,0
"sbtoiindianewsba",2,0,0,0,0,0,0
"sbtrsba",1,0,0,0,0,0,0
"sbtwitterba",1,0,0,0,0,0,0
"sbuclba",5,0,0,0,0,0,0
"sbunba",26,0,0,0,0,0,0
"sbunescoba",26,0,0,0,0,0,0
"sbunitedapba",2,0,0,0,0,0,0
"sbupaachivementsba",5,0,0,0,0,0,0
"sbupaba",13,1,0,0,0,0,0
"sbupafinalgambleba",1,0,0,0,0,0,0
"sbupagovtba",1,0,0,0,0,0,0
"sbupastudentsba",0,1,0,0,0,0,0
"sbvamsitrimba",1,0,0,0,0,0,0
"sbvarmanicsba",1,0,0,0,0,0,0
"sbvibhasaysba",1,0,0,0,0,0,0
"sbvijaygoelbjpba",1,0,0,0,0,0,0
"sbvikramwkarveba",1,0,0,0,0,0,0
"sbvinodsharmaba",0,1,0,0,0,0,0
"sbvinodstuba",1,0,0,0,0,0,0
"sbvkbhosaleba",1,0,0,0,0,0,0
"sbvotedbritawardsba",12,0,0,0,0,0,0
"sbwaglenikhilba",3,0,0,0,0,0,0
"sbwatchba",1,0,0,0,0,0,0
"sbwecantdateifba",9,0,0,0,0,0,0
"sbwhattheffactsba",0,0,0,1,0,0,0
"sbwherzmynobelbaquot",1,0,0,0,0,0,0
"sbwhylsblackoutba",1,0,0,0,0,0,0
"sbwithcongressba",1,0,0,0,0,0,0
"sbwithrgba",6,0,0,0,0,0,0
"sbwomenba",1,0,0,0,0,0,0
"sbwomenempowermentba",1,0,0,0,0,0,0
"sbworldba",1,0,0,0,0,0,0
"sbwsjindiaba",1,0,0,0,0,0,0
"sbyamgotvba",1,0,0,0,0,0,0
"sbyocongbjpsoconstitutionalba",11,0,0,0,0,0,0
"sbyocongbjpsoconstitutionalbaquot",1,0,0,0,0,0,0
"sbyogicongressba",3,0,0,0,0,0,0
"sbyogrishiramdevba",1,0,0,0,0,0,0
"sbyoutubeba",6,0,0,0,0,0,0
"sbyuvadeshba",1,0,0,0,0,0,0
"sbyuvaitvba",1,0,0,0,0,0,0
"scam",0,0,1,0,0,0,0
"sceme",1,0,0,0,0,0,0
"scene",0,0,0,1,0,0,0
"schemesibnl",1,0,0,0,0,0,0
"scholarship",1,0,0,0,0,0,0
"school",1,0,0,0,0,0,0
"screen",1,0,0,0,0,0,0
"scribe",0,1,0,0,0,0,0
"sealandampair",2,0,0,0,0,0,0
"season",1,0,0,0,0,0,0
"seat",10,0,0,3,0,0,0
"secularist",1,0,0,0,0,0,0
"secur",3,1,0,0,0,0,0
"see",5,7,0,0,0,0,0
"seea",1,0,0,0,0,0,0
"seek",11,0,0,0,0,0,0
"seem",1,0,0,0,0,0,0
"seemandhra",5,1,0,0,0,0,0
"seen",1,0,0,0,0,0,0
"seinfeld",3,0,0,0,0,0,0
"selfa",1,0,0,0,0,0,0
"seller",0,0,0,1,0,0,0
"send",6,0,0,0,0,0,0
"senior",1,0,0,0,0,0,0
"sentenc",1,0,0,0,0,0,0
"sep",1,0,0,0,0,0,0
"separ",3,0,0,0,0,0,0
"serious",2,0,0,0,0,0,0
"serv",2,0,0,0,0,0,0
"servic",9,0,0,0,0,0,0
"set",11,0,1,0,0,0,0
"seven",1,0,0,0,0,0,0
"sever",1,1,0,0,0,0,0
"shah",204,4,0,1,0,0,0
"shakti",2,0,0,0,0,0,0
"shallow",1,0,0,0,0,0,0
"shame",0,0,3,0,0,0,0
"shameless",1,0,0,0,0,0,0
"shamemeira",1,0,0,0,0,0,0
"shamerapeampmurd",0,0,0,0,0,1,0
"shape",0,1,0,0,0,0,0
"share",2,0,0,0,0,0,0
"she",3,1,0,0,0,0,0
"sheet",1,0,0,0,0,0,0
"sheldon",1,0,0,0,0,0,0
"shit",1,0,0,0,0,0,0
"short",1,2,0,0,0,0,0
"should",32,1,1,1,0,0,0
"shouldnt",1,0,0,0,0,0,0
"show",16,0,0,0,0,0,1
"shown",1,1,0,0,0,0,0
"shri",1,2,1,0,0,0,0
"shud",1,0,0,0,0,0,0
"shut",2,0,0,0,0,0,0
"shweta",1,0,0,0,0,0,0
"siddhramiah",2,0,0,0,0,0,0
"silenc",1,0,0,0,0,0,0
"silent",3,0,0,0,0,0,0
"silicon",1,0,0,0,0,0,0
"similar",16,0,0,0,0,0,0
"similarp",1,0,0,0,0,0,0
"simonovi",7,0,0,0,0,0,0
"simplist",1,0,0,0,0,0,0
"sing",0,1,0,0,0,0,0
"singh",4,0,0,0,0,0,0
"singl",1,0,0,1,0,0,0
"sir",2,1,0,0,0,0,0
"sister",6,0,0,0,0,0,0
"sisteract",2,0,0,0,0,0,0
"sisterdivyani",1,0,0,0,0,0,0
"sit",1,0,0,0,0,0,0
"site",1,0,0,0,0,0,0
"six",3,0,0,0,0,0,0
"slam",2,0,0,0,0,0,1
"slap",1,0,0,0,0,0,0
"sleep",6,1,0,0,0,0,0
"smart",1,1,0,0,0,0,0
"smarter",1,0,0,0,0,0,0
"smartphon",1,0,0,0,0,0,0
"smuggl",0,0,0,1,0,0,0
"snub",1,0,0,0,0,0,0
"soch",0,0,0,0,1,0,0
"social",1,0,0,0,0,0,0
"socialpolit",1,0,0,0,0,0,0
"solut",0,0,0,0,0,1,0
"solv",2,0,0,0,0,0,0
"some",5,0,0,0,0,1,1
"somebodi",2,0,0,0,0,0,0
"somel",1,0,0,0,0,0,0
"someon",4,1,0,0,0,0,0
"someth",1,1,0,0,0,0,0
"somethingrahul",1,0,0,0,0,0,0
"somewher",1,0,0,0,0,0,0
"somewheremodi",0,1,0,0,0,0,0
"son",6,0,0,0,0,0,0
"sonam",1,0,0,0,0,0,0
"song",3,0,0,0,0,0,0
"sonia",16,2,0,2,1,0,0
"soniarahul",2,0,0,0,0,0,0
"soniarajeev",2,0,0,0,0,0,0
"soon",0,0,1,0,0,0,0
"soonand",0,0,0,1,0,0,0
"sorri",0,0,3,0,0,0,0
"sought",1,0,0,0,0,0,0
"sound",1,3,0,0,0,0,0
"spare",2,0,0,0,0,0,0
"speak",8,2,0,0,0,0,0
"speci",1,0,0,0,0,0,0
"special",1,0,0,0,0,0,0
"specul",1,0,0,0,0,0,0
"speech",5,0,1,0,0,1,0
"spend",1,0,0,0,0,0,0
"spent",1,0,0,1,0,0,0
"spk",1,0,0,0,0,0,0
"spread",1,0,0,0,0,0,0
"sri",3,0,0,0,0,0,0
"stab",1,0,0,0,0,0,0
"stage",0,0,0,0,0,2,0
"stamp",1,0,0,0,0,0,0
"standard",1,0,0,0,0,0,0
"standarda",1,0,0,0,0,0,0
"star",0,1,0,0,0,0,0
"starbuck",5,0,0,0,0,0,0
"stark",0,1,0,0,0,0,0
"start",3,1,0,0,0,0,0
"state",30,0,0,0,1,1,0
"statement",1,1,0,0,0,0,0
"station",6,0,0,0,0,0,0
"stay",1,1,0,0,0,0,0
"step",1,0,0,0,0,0,0
"stephen",1,0,0,0,0,0,0
"still",10,1,1,0,0,0,0
"sting",1,0,0,0,0,0,0
"stocksa",1,0,0,0,0,0,0
"stone",1,0,1,0,0,0,0
"stonerail",1,0,0,0,0,0,0
"stoop",0,0,2,0,0,0,0
"stop",6,1,0,0,0,0,0
"strategi",1,0,0,0,0,0,0
"street",2,0,0,0,0,0,0
"strike",0,1,0,0,0,0,0
"stuck",0,1,0,0,0,0,0
"student",2,1,0,0,0,0,0
"studi",1,0,0,0,0,0,0
"stupid",0,0,0,0,3,0,0
"subah",2,0,0,0,0,0,0
"submit",4,0,0,0,0,0,0
"subramanian",3,0,0,1,0,0,0
"subsidi",0,1,0,0,0,0,0
"succeed",0,0,1,0,0,0,0
"succes",0,1,0,0,0,0,0
"success",0,1,0,0,0,0,0
"such",1,0,2,0,0,0,0
"suchard",1,0,0,0,0,0,0
"sucid",1,0,0,0,0,0,0
"suck",1,0,0,0,0,0,0
"suffer",0,0,1,0,0,0,0
"sufferinga",0,0,0,0,1,0,0
"suicid",0,1,1,0,0,0,0
"sunday",2,0,0,0,0,0,0
"super",0,3,0,0,0,0,0
"superdynam",0,2,0,0,0,0,0
"superior",0,1,0,0,0,0,0
"suppli",1,0,0,0,0,0,0
"support",11,2,0,0,0,0,0
"supporta",4,0,0,0,0,0,0
"supportedquot",1,0,0,0,0,0,0
"suppos",1,0,0,0,0,0,0
"suprem",28,1,0,0,0,0,0
"supremo",1,0,0,0,0,0,0
"sure",6,0,0,0,1,0,0
"suresh",0,0,1,0,0,0,0
"surround",0,1,0,0,0,0,0
"sushma",10,0,0,0,1,0,0
"sushmaswaraj",1,0,0,0,0,0,0
"swami",3,0,0,1,0,0,0
"swaraj",6,0,0,0,1,0,0
"syndic",0,1,0,0,0,0,0
"syrup",1,0,0,0,0,0,0
"system",3,1,1,0,0,0,0
"systemopen",1,0,0,0,0,0,0
"tactic",1,0,0,0,0,0,0
"tak",1,0,0,0,0,0,0
"take",8,7,0,2,0,1,0
"taken",2,0,0,0,0,0,0
"tale",1,0,0,0,0,0,0
"talengana",1,0,0,0,0,0,0
"taliban",1,0,0,0,0,0,0
"talk",18,2,0,1,0,0,0
"talkin",1,0,0,0,0,0,0
"tanisha",3,0,0,0,0,0,0
"targetblank",119,12,0,2,0,0,0
"tast",0,1,0,0,0,0,0
"taunt",0,0,0,1,0,0,0
"tax",40,1,2,0,0,0,0
"teacher",0,1,0,0,0,0,0
"team",21,0,0,0,0,0,0
"tear",1,0,2,0,0,0,0
"tech",1,0,0,0,0,0,0
"technic",6,1,0,0,0,0,0
"telangana",22,1,1,1,0,0,0
"telanganaleav",1,0,0,0,0,0,0
"telecast",3,1,0,0,0,0,0
"teleco",1,0,0,0,0,0,0
"telecom",11,0,0,0,0,0,0
"telegraph",1,0,0,0,0,0,0
"telengana",3,1,0,0,0,0,0
"telephon",1,0,0,0,0,0,0
"tell",4,2,0,0,0,0,0
"telm",0,0,1,0,0,0,0
"tendulkar",1,0,0,0,0,0,0
"teri",1,0,0,0,0,0,0
"terorist",1,0,0,0,0,0,0
"terrorist",2,0,0,0,0,0,0
"test",1,0,0,0,0,0,0
"tge",1,0,0,0,0,0,0
"than",12,3,0,0,0,0,0
"thank",3,2,0,0,0,0,0
"that",30,5,2,1,2,0,0
"thatlead",0,0,1,0,0,0,0
"thatswhi",0,0,0,0,0,1,0
"the",644,34,16,9,2,3,2
"thecror",1,0,0,0,0,0,0
"their",6,1,0,0,0,0,0
"them",7,2,0,0,0,0,0
"theme",2,0,0,0,0,0,0
"themon",1,0,0,0,0,0,0
"themselv",12,0,0,0,0,0,0
"then",9,0,0,1,0,0,0
"thena",1,0,0,0,0,0,0
"thenveri",1,0,0,0,0,0,0
"there",8,3,0,0,0,0,0
"thereaaj",1,0,0,0,0,0,0
"these",2,0,0,0,1,0,0
"they",10,1,3,0,1,0,0
"thi",0,1,0,0,0,0,0
"thing",2,1,0,0,0,0,0
"thingquot",1,0,0,0,0,0,0
"think",17,3,1,0,0,0,0
"this",31,3,4,0,1,0,0
"thisampdat",1,0,0,0,0,0,0
"thisrahul",1,0,0,0,0,0,0
"thm",1,0,0,0,0,0,0
"thn",0,1,0,0,0,0,0
"those",1,0,0,0,0,0,0
"thosemag",2,0,0,0,0,0,0
"though",1,0,0,0,0,0,0
"thought",6,0,1,0,0,0,0
"thr",0,1,0,0,0,0,0
"threaten",1,0,0,0,0,0,0
"three",0,2,0,0,1,0,0
"throne",1,0,0,0,0,0,0
"through",0,1,1,0,0,0,0
"throw",0,0,1,0,0,0,0
"thts",0,1,0,0,0,0,0
"ticket",3,0,2,0,0,0,0
"till",5,0,0,0,0,0,0
"tiloi",1,0,0,0,0,0,0
"tim",1,0,0,0,0,0,0
"time",27,3,0,0,0,0,0
"timesbroken",1,0,0,0,0,0,0
"timesnow",1,0,0,0,0,0,0
"timesrahul",1,0,0,0,0,0,0
"timeth",1,0,0,0,0,0,0
"tire",0,0,0,0,0,0,1
"tis",1,0,0,0,0,0,0
"titl",119,12,0,2,0,0,0
"tiwari",1,1,0,0,0,0,0
"today",40,3,0,0,0,0,0
"todayh",1,0,0,0,0,0,0
"todayquot",4,0,0,0,0,0,0
"todayze",6,0,0,0,0,0,0
"togeth",0,1,0,0,0,0,0
"toi",0,1,0,0,0,0,0
"told",1,0,0,0,0,0,0
"tomorrow",2,0,1,0,0,0,0
"tomorrowquot",1,0,0,0,0,0,0
"tomtom",1,0,0,0,0,0,0
"ton",1,0,0,0,0,0,0
"toni",16,0,0,0,0,0,0
"tonight",8,0,0,0,0,0,0
"too",4,2,0,0,0,0,0
"tooa",1,0,0,0,0,0,0
"tooboth",1,0,0,0,0,0,0
"took",2,0,0,0,0,0,0
"top",0,0,0,0,1,0,0
"topic",0,1,0,0,0,0,0
"touch",1,1,0,0,0,0,0
"tough",1,0,0,0,0,0,0
"toward",7,0,1,0,0,0,0
"traci",1,0,0,0,0,0,0
"track",0,1,0,0,0,0,0
"tradit",1,0,0,0,0,0,0
"traffic",1,0,1,0,0,0,0
"train",0,0,0,1,0,0,0
"transmiss",1,0,0,0,0,0,0
"transpar",4,1,0,0,0,0,0
"treat",1,0,0,0,0,0,0
"tremend",0,0,0,0,1,0,0
"trevintildeo",2,0,0,0,0,0,0
"tri",4,0,2,0,0,0,0
"trick",1,0,0,0,0,0,0
"triniti",5,0,0,0,0,1,0
"trip",1,0,0,0,0,0,0
"trp",27,0,0,0,0,0,0
"trs",9,0,0,0,0,0,0
"true",3,0,0,0,0,0,0
"truth",2,0,0,0,0,0,0
"tsupprtr",1,0,0,0,0,0,0
"tumkur",1,0,0,0,0,0,0
"tumkurlan",0,1,0,0,0,0,0
"tums",1,0,0,0,0,0,0
"tutor",0,1,0,0,0,0,0
"tvwould",1,0,0,0,0,0,0
"tweet",2,0,1,0,0,0,0
"twitter",4,0,0,0,0,0,0
"two",1,0,0,0,0,0,0
"type",2,0,0,0,0,0,0
"tyre",0,1,0,0,0,0,0
"ucuza",6,0,0,0,0,0,0
"uday",1,0,0,0,0,0,0
"ukbas",2,0,0,0,0,0,0
"ukrain",1,0,0,0,0,0,0
"unconstitutionali",1,0,0,0,0,0,0
"under",1,4,0,0,0,0,0
"understand",2,1,0,0,0,0,0
"underwhelm",0,0,0,0,0,1,0
"undr",0,1,0,0,0,0,0
"unfit",9,0,0,0,0,0,0
"unforgiv",0,0,0,0,1,0,0
"unitednarendra",1,0,0,0,0,0,0
"univers",1,1,0,0,0,0,0
"unka",1,0,0,0,0,0,0
"unlikea",0,1,0,0,0,0,0
"unlimit",1,0,0,0,0,0,0
"unwil",1,0,0,0,0,0,0
"upa",7,1,0,0,0,0,0
"upcom",0,1,0,0,0,0,0
"updat",1,0,0,0,0,0,0
"upload",1,0,0,0,0,0,0
"upon",1,0,0,0,0,0,0
"upset",1,0,0,0,0,0,0
"uptil",1,0,0,0,0,0,0
"upton",5,0,0,0,0,0,0
"urg",1,1,0,0,0,0,0
"urgent",1,0,0,0,0,0,0
"use",5,1,1,0,0,0,0
"useelect",1,0,0,0,0,0,0
"usquot",1,0,0,0,0,0,0
"ustaellerdesin",1,0,0,0,0,0,0
"uttar",1,0,0,0,0,0,0
"vald",5,0,0,0,0,0,0
"valley",1,0,0,0,0,0,0
"various",0,0,0,1,0,0,0
"veerababu",1,0,0,0,0,0,0
"venezuela",3,0,0,0,0,0,0
"veri",1,0,1,0,0,0,0
"verland",12,0,0,0,0,0,0
"version",1,0,0,0,0,0,0
"vgambala",0,1,0,0,0,0,0
"via",9,0,0,0,0,0,0
"vice",10,0,0,0,0,0,0
"vicepresid",1,1,0,0,0,0,0
"video",3,0,0,0,0,0,0
"view",1,0,0,0,0,0,0
"viewership",1,0,0,0,0,0,0
"viewgt",0,0,0,2,0,0,0
"vijay",1,0,0,0,0,0,0
"vijayawada",1,0,0,0,0,0,0
"villag",6,0,0,0,0,0,0
"villg",1,0,0,0,0,0,0
"vinc",1,0,0,0,0,0,0
"vinci",12,0,0,0,0,1,0
"vincii",0,1,0,0,0,0,0
"vinsiquot",2,0,0,0,0,0,0
"violenc",1,0,0,0,0,0,0
"virgin",6,0,0,0,0,0,0
"vishwa",14,0,0,0,0,0,0
"vishwash",1,0,0,0,0,0,0
"vishwasquot",1,0,0,0,0,0,0
"visibl",1,0,0,0,0,0,0
"vision",1,0,0,0,0,0,0
"visit",26,1,0,0,0,0,0
"visitgt",2,0,0,0,0,0,0
"vizag",1,0,0,0,0,0,0
"voic",1,0,0,0,0,0,0
"vote",13,2,0,2,0,1,0
"voterahul",0,0,1,0,0,0,0
"waah",2,0,0,0,0,0,0
"wait",2,0,1,0,0,0,0
"waitwatch",1,0,0,0,0,0,0
"wala",1,0,0,0,0,0,0
"walk",0,2,0,0,0,0,0
"want",24,2,0,1,0,0,0
"wantsa",1,0,0,0,0,0,0
"warn",2,0,0,0,0,0,0
"was",24,3,0,0,0,0,0
"wast",3,1,0,0,0,0,0
"wat",3,0,0,0,0,0,0
"watch",4,0,0,0,0,0,0
"way",4,3,0,0,0,0,0
"wealth",0,0,1,0,0,0,0
"wearer",1,0,0,0,0,0,0
"welcom",1,1,0,0,0,0,0
"welfar",1,0,0,0,0,0,0
"well",4,0,1,0,0,0,0
"wen",1,0,0,0,0,0,0
"went",3,0,0,0,0,0,0
"were",0,2,1,0,0,0,0
"west",2,0,0,0,0,0,0
"what",23,3,2,1,0,0,0
"whatev",2,0,0,0,0,0,0
"whatsapp",1,0,0,0,0,0,0
"when",13,6,0,0,0,0,0
"whenev",1,0,0,0,0,0,0
"where",4,0,0,0,1,0,0
"wherea",2,0,0,0,0,0,0
"whether",1,0,0,0,0,0,0
"whi",31,4,1,2,0,0,0
"which",8,2,0,0,0,1,0
"while",2,0,0,0,0,0,0
"white",1,0,0,0,0,0,0
"whitewash",0,0,1,0,0,0,0
"who",16,3,1,0,0,0,0
"whole",3,0,0,0,0,0,0
"whom",1,1,0,2,0,0,0
"whome",1,0,0,0,0,0,0
"whos",2,0,0,0,0,0,0
"whose",2,0,0,0,0,0,0
"wht",8,0,0,0,0,0,0
"whys",1,0,0,0,0,0,0
"wid",1,0,0,0,0,0,0
"wife",1,0,0,0,0,0,0
"wil",2,0,0,0,0,0,0
"will",73,7,9,0,0,0,0
"win",2,0,0,0,0,0,0
"winless",1,0,0,0,0,0,0
"winner",1,0,0,0,0,0,0
"wise",1,0,0,0,0,0,0
"wish",1,0,0,0,1,0,0
"witch",778,16,6,6,0,0,0
"with",43,3,1,3,1,0,0
"withbranch",1,0,0,0,0,0,0
"withdraw",1,0,0,0,0,0,0
"without",4,0,0,0,0,0,0
"woman",6,1,0,1,1,0,0
"women",28,8,0,0,3,0,0
"won",1,0,0,0,0,0,0
"wonder",5,0,0,1,1,0,0
"wont",4,2,0,0,0,0,0
"word",6,0,0,0,0,0,0
"work",8,0,0,0,0,0,0
"world",5,0,1,0,0,0,0
"worldgtdetail",2,0,0,0,0,0,0
"worri",4,0,0,0,0,0,0
"worst",2,0,0,0,0,0,0
"worth",1,0,0,0,0,0,0
"would",10,1,1,0,0,0,0
"wouldv",1,0,0,0,0,0,0
"wow",0,1,0,0,0,0,0
"write",2,1,0,0,0,0,0
"wrk",0,1,0,0,0,0,0
"wrld",1,0,0,0,0,0,0
"wrong",2,1,0,0,0,0,0
"wtfri",0,0,1,0,0,0,0
"wud",1,0,0,0,0,0,0
"xpertbut",1,0,0,0,0,0,0
"yadav",5,0,0,0,0,0,0
"yadavelect",1,0,0,0,0,0,0
"yapar",6,0,0,0,0,0,0
"year",0,1,0,0,0,0,0
"yearrahul",2,0,0,0,0,0,0
"yeddyurappa",1,0,0,0,0,0,0
"yesterday",1,0,0,0,0,0,0
"yet",4,0,0,0,0,0,0
"yog",1,0,0,0,0,0,0
"yogendra",3,0,0,0,0,0,0
"yojna",0,0,1,0,0,0,0
"you",34,5,1,0,0,0,0
"youa",5,3,0,0,0,0,0
"youknowwho",1,0,0,0,0,0,0
"young",14,9,0,0,0,0,0
"youngistaan",2,0,0,0,0,0,0
"youngistaantim",2,0,0,0,0,0,0
"your",12,1,0,0,0,1,0
"yourself",0,1,0,0,0,0,0
"yourselv",0,0,0,0,0,0,1
"youth",4,0,0,0,0,0,0
"youthblah",1,0,0,0,0,0,0
"youtub",1,0,0,0,0,0,0
"yrs",1,1,1,0,0,0,1
"ysr",8,0,0,0,0,0,0
"yuckendra",1,0,0,0,0,0,0
"yuvanetha",1,0,0,0,0,0,0
"zaynmalik",4,0,0,0,0,0,0
